#seqId	guideId	targetSeq	mitSpecScore	offtargetCount	targetGenomeGeneLocus	Doench '16-Score	Moreno-Mateos-Score	Out-of-Frame-Score	Lindel-Score
target_105_ENST00000395621.7.fasta_pilon	481forw	TTTGCCGACGACCTCGGCTATGG	98	14	exon:ARSA	40	43	54	69	GrafOK
target_105_ENST00000395621.7.fasta_pilon	482forw	TTGCCGACGACCTCGGCTATGGG	98	14	exon:ARSA	41	58	53	65	GrafOK
target_105_ENST00000395621.7.fasta_pilon	483forw	TGCCGACGACCTCGGCTATGGGG	97	18	exon:ARSA	55	43	58	74	GrafOK
target_105_ENST00000395621.7.fasta_pilon	774rev	GGTACATGCCCATCCGAACCGGG	97	29	exon:ARSA	58	42	64	78	GrafOK
target_105_ENST00000395621.7.fasta_pilon	775rev	GGGTACATGCCCATCCGAACCGG	97	27	exon:ARSA	42	61	64	79	GrafOK
target_105_ENST00000395621.7.fasta_pilon	1886rev	GCCGCCTCGGGACATACGCATGG	97	23	exon:ARSA	54	30	66	73	GrafOK
target_105_ENST00000395621.7.fasta_pilon	1902forw	GAGACCATGCGTATGTCCCGAGG	97	26	exon:ARSA	67	53	73	82	GrafOK
target_105_ENST00000395621.7.fasta_pilon	2013forw	ATCGCTCCCGGTCAGTCCGCAGG	97	17	exon:ARSA	47	40	68	76	GrafOK
target_105_ENST00000395621.7.fasta_pilon	2526forw	CCTACCCAGACGAGGTCCGTGGG	97	32	exon:ARSA	55	50	73	80	GrafOK
target_105_ENST00000395621.7.fasta_pilon	89rev	GGTCGGGGGCGTAAGTCACTTGG	96	19	exon:ARSA	49	43	65	79	GrafOK
target_105_ENST00000395621.7.fasta_pilon	118rev	ATCCTCCTCGCCTAGCGGTCCGG	96	34	exon:ARSA	38	42	58	78	GrafOK
target_105_ENST00000395621.7.fasta_pilon	197rev	CGACAGTACCGGGAGACCGCGGG	96	23	exon:ARSA	61	45	74	78	GrafOK
target_105_ENST00000395621.7.fasta_pilon	475forw	CTGATCTTTGCCGACGACCTCGG	96	36	exon:ARSA	58	57	51	69	GrafOK
target_105_ENST00000395621.7.fasta_pilon	786forw	GGCCGGCTCCCGGTTCGGATGGG	96	32	exon:ARSA	50	52	66	74	GrafOK
target_105_ENST00000395621.7.fasta_pilon	1249forw	CGGACTAGAGGCCCGCTACATGG	96	23	exon:ARSA	45	41	62	86	GrafOK
target_105_ENST00000395621.7.fasta_pilon	1949forw	TGGAAAGGGAACGACCTACGAGG	96	40	exon:ARSA	72	62	59	90	GrafOK
target_105_ENST00000395621.7.fasta_pilon	1984rev	TGACCGGGAGCGATATGACCTGG	96	28	exon:ARSA	56	35	73	75	GrafOK
target_105_ENST00000395621.7.fasta_pilon	2511rev	AAAACCCCACGGACCTCGTCTGG	96	40	exon:ARSA	37	33	62	63	GrafOK
target_105_ENST00000395621.7.fasta_pilon	219forw	CGCGGTCTCCCGGTACTGTCGGG	95	24	exon:ARSA	46	59	57	89	GrafOK
target_105_ENST00000395621.7.fasta_pilon	785forw	CGGCCGGCTCCCGGTTCGGATGG	95	45	exon:ARSA	38	50	67	76	GrafOK
target_105_ENST00000395621.7.fasta_pilon	954rev	ACGGGATGCCTAGAAATCGATGG	95	28	exon:ARSA	62	49	62	80	GrafOK
target_105_ENST00000395621.7.fasta_pilon	1228rev	CATGTAGCGGGCCTCTAGTCCGG	95	25	exon:ARSA	32	53	69	81	GrafOK
target_105_ENST00000395621.7.fasta_pilon	110rev	CGCCTAGCGGTCCGGGCTCAGGG	94	35	exon:ARSA	46	52	63	82	GrafOK
target_105_ENST00000395621.7.fasta_pilon	218forw	CCGCGGTCTCCCGGTACTGTCGG	94	35	exon:ARSA	41	37	58	74	GrafOK
target_105_ENST00000395621.7.fasta_pilon	465rev	GTCCCCATAGCCGAGGTCGTCGG	94	29	exon:ARSA	60	50	58	73	GrafOK
target_105_ENST00000395621.7.fasta_pilon	768rev	TGCCCATCCGAACCGGGAGCCGG	94	46	exon:ARSA	48	29	66	71	GrafOK
target_105_ENST00000395621.7.fasta_pilon	1154forw	CCGGCCACTCCTTGCGACGGTGG	94	51	exon:ARSA	57	69	60	73	GrafOK
target_105_ENST00000395621.7.fasta_pilon	1204forw	ACTGTTGGCCAACCTGTCCGTGG	94	40	exon:ARSA	59	47	61	86	GrafOK
target_105_ENST00000395621.7.fasta_pilon	1458forw	CGTTCAGGCCGCGGGCCATTTGG	94	35	exon:ARSA	27	37	70	73	tt
target_105_ENST00000395621.7.fasta_pilon	1459forw	GTTCAGGCCGCGGGCCATTTGGG	94	29	exon:ARSA	25	54	72	80	tt
target_105_ENST00000395621.7.fasta_pilon	1905forw	ACCATGCGTATGTCCCGAGGCGG	94	21	exon:ARSA	68	83	61	82	GrafOK
target_105_ENST00000395621.7.fasta_pilon	1929forw	TGCTCCGGTCTCTTGCGGTGTGG	94	47	exon:ARSA	65	53	66	79	GrafOK
target_105_ENST00000395621.7.fasta_pilon	2001forw	TGGCCAGGTCATATCGCTCCCGG	94	60	exon:ARSA	53	61	60	72	GrafOK
target_105_ENST00000395621.7.fasta_pilon	2525forw	TCCTACCCAGACGAGGTCCGTGG	94	41	exon:ARSA	54	44	72	80	GrafOK
target_105_ENST00000395621.7.fasta_pilon	31forw	AAGCGCCCGCAGCCCGGTACCGG	93	50	exon:ARSA	NotEnoughFlankSeq	NotEnoughFlankSeq	NotEnoughFlankSeq	NotEnoughFlankSeq	GrafOK
target_105_ENST00000395621.7.fasta_pilon	111rev	TCGCCTAGCGGTCCGGGCTCAGG	93	37	exon:ARSA	27	57	64	74	GrafOK
target_105_ENST00000395621.7.fasta_pilon	117rev	TCCTCCTCGCCTAGCGGTCCGGG	93	69	exon:ARSA	39	52	60	75	GrafOK
target_105_ENST00000395621.7.fasta_pilon	133forw	TGAGCCCGGACCGCTAGGCGAGG	93	40	exon:ARSA	60	53	69	85	GrafOK
target_105_ENST00000395621.7.fasta_pilon	374rev	CGCGGTGCCCCCATGGACATGGG	93	29	exon:ARSA	52	61	68	69	GrafOK
target_105_ENST00000395621.7.fasta_pilon	1460forw	TTCAGGCCGCGGGCCATTTGGGG	93	33	exon:ARSA	52	60	75	83	tt
target_105_ENST00000395621.7.fasta_pilon	1950forw	GGAAAGGGAACGACCTACGAGGG	93	59	exon:ARSA	73	57	59	77	GrafOK
target_105_ENST00000395621.7.fasta_pilon	63rev	TGACCAGCGGAGTCGGGCCGGGG	92	52	exon:ARSA	36	58	65	81	GrafOK
target_105_ENST00000395621.7.fasta_pilon	123rev	ATCTGATCCTCCTCGCCTAGCGG	92	66	exon:ARSA	68	35	60	86	GrafOK
target_105_ENST00000395621.7.fasta_pilon	280forw	TCGGGGAGTATTTGGGTCCGGGG	92	38	exon:ARSA	48	63	62	79	GrafOK
target_105_ENST00000395621.7.fasta_pilon	435rev	CAGCACGATGTTGGGCGGACGGG	92	57	exon:ARSA	53	87	76	84	GrafOK
target_105_ENST00000395621.7.fasta_pilon	1207forw	GTTGGCCAACCTGTCCGTGGAGG	92	54	exon:ARSA	64	73	63	70	GrafOK
target_105_ENST00000395621.7.fasta_pilon	1304rev	TTACGTGAGAGGCATAGTACAGG	92	51	exon:ARSA	64	43	67	67	GrafOK
target_105_ENST00000395621.7.fasta_pilon	1315rev	GCCAAGATCACTTACGTGAGAGG	92	61	exon:ARSA	62	34	72	88	GrafOK
target_105_ENST00000395621.7.fasta_pilon	1953forw	AAGGGAACGACCTACGAGGGCGG	92	46	exon:ARSA	69	101	55	76	GrafOK
target_105_ENST00000395621.7.fasta_pilon	2045rev	CTCAGTTCGCCATCAAGGTTGGG	92	47	intron:ARSA	36	66	65	75	GrafOK
target_105_ENST00000395621.7.fasta_pilon	2518forw	CTACCCGTCCTACCCAGACGAGG	92	41	exon:ARSA	65	30	77	65	GrafOK
target_105_ENST00000395621.7.fasta_pilon	2527forw	CTACCCAGACGAGGTCCGTGGGG	92	44	exon:ARSA	67	47	62	85	GrafOK
target_105_ENST00000395621.7.fasta_pilon	208rev	GGGCCGGGGCCCGACAGTACCGG	91	104	exon:ARSA	39	82	64	74	GrafOK
target_105_ENST00000395621.7.fasta_pilon	301rev	CTTTCCGATACCGCAGACCCAGG	91	42	exon:ARSA	58	36	58	68	GrafOK
target_105_ENST00000395621.7.fasta_pilon	317forw	GGCGCCTGGGTCTGCGGTATCGG	91	87	exon:ARSA	36	72	59	71	GrafOK
target_105_ENST00000395621.7.fasta_pilon	749forw	ACTCTGTGACTTGTCCCGCAGGG	91	77	exon:ARSA	60	63	66	79	GrafOK
target_105_ENST00000395621.7.fasta_pilon	781forw	TGACCGGCCGGCTCCCGGTTCGG	91	54	exon:ARSA	40	85	62	72	GrafOK
target_105_ENST00000395621.7.fasta_pilon	1258rev	GGCGTCGGCCATGAGGTCATGGG	91	43	exon:ARSA	53	70	48	72	GrafOK
target_105_ENST00000395621.7.fasta_pilon	1943rev	CTCTCGGACACCGCCCTCGTAGG	91	36	exon:ARSA	55	49	70	78	GrafOK
target_105_ENST00000395621.7.fasta_pilon	2046rev	ACTCAGTTCGCCATCAAGGTTGG	91	45	intron:ARSA	48	28	66	78	GrafOK
target_105_ENST00000395621.7.fasta_pilon	2087rev	CAGCTCGTGGGTCACGCCTGGGG	91	88	exon:ARSA	47	84	62	72	GrafOK
target_105_ENST00000395621.7.fasta_pilon	2088rev	CCAGCTCGTGGGTCACGCCTGGG	91	67	exon:ARSA	34	57	64	74	ggc
target_105_ENST00000395621.7.fasta_pilon	2337rev	ACCTGAGAGGTGGCGCCACTTGG	91	97	intron:ARSA	47	56	61	86	GrafOK
target_105_ENST00000395621.7.fasta_pilon	2390forw	GCAAGAAGCGGTGCACGTCCAGG	91	66	intron:ARSA	42	46	62	71	GrafOK
target_105_ENST00000395621.7.fasta_pilon	2506rev	CCCACGGACCTCGTCTGGGTAGG	91	38	exon:ARSA	64	41	71	68	GrafOK
target_105_ENST00000395621.7.fasta_pilon	3095rev	ACTGGTGTTATTACGTTATCAGG	91	72	exon:ARSA	NotEnoughFlankSeq	NotEnoughFlankSeq	NotEnoughFlankSeq	NotEnoughFlankSeq	GrafOK
target_105_ENST00000395621.7.fasta_pilon	64rev	CTGACCAGCGGAGTCGGGCCGGG	90	74	exon:ARSA	31	60	66	85	ggc
target_105_ENST00000395621.7.fasta_pilon	69rev	TGGCGCTGACCAGCGGAGTCGGG	90	69	exon:ARSA	43	59	66	76	GrafOK
target_105_ENST00000395621.7.fasta_pilon	136forw	GCCCGGACCGCTAGGCGAGGAGG	90	64	exon:ARSA	59	54	56	85	GrafOK
target_105_ENST00000395621.7.fasta_pilon	198rev	CCGACAGTACCGGGAGACCGCGG	90	35	exon:ARSA	58	55	76	82	GrafOK
target_105_ENST00000395621.7.fasta_pilon	225forw	CTCCCGGTACTGTCGGGCCCCGG	90	71	exon:ARSA	49	47	59	73	GrafOK
target_105_ENST00000395621.7.fasta_pilon	594rev	GCGGCCCCCTCTTTACCTAGAGG	90	57	exon:ARSA	64	44	63	84	GrafOK
target_105_ENST00000395621.7.fasta_pilon	652rev	CCGCCCCCCTGCAATCCATTGGG	90	67	intron:ARSA	43	59	60	91	tt
target_105_ENST00000395621.7.fasta_pilon	966forw	CAGGGCTTCCATCGATTTCTAGG	90	85	exon:ARSA	27	41	68	69	tt
target_105_ENST00000395621.7.fasta_pilon	980rev	GGTGGTTCCTACCTGGTCGTGGG	90	66	exon:ARSA	54	66	60	68	GrafOK
target_105_ENST00000395621.7.fasta_pilon	1138rev	ACAGCCACCGTCGCAAGGAGTGG	90	59	exon:ARSA	59	50	75	81	GrafOK
target_105_ENST00000395621.7.fasta_pilon	1143rev	TGGTCACAGCCACCGTCGCAAGG	90	70	exon:ARSA	58	56	81	73	GrafOK
target_105_ENST00000395621.7.fasta_pilon	1151forw	CCGCCGGCCACTCCTTGCGACGG	90	67	exon:ARSA	56	60	64	82	GrafOK
target_105_ENST00000395621.7.fasta_pilon	2878rev	GGTCACAGCTGCGTCTAACTGGG	90	69	exon:ARSA	45	29	66	85	GrafOK
target_105_ENST00000395621.7.fasta_pilon	70rev	TTGGCGCTGACCAGCGGAGTCGG	89	44	exon:ARSA	46	69	66	71	GrafOK
target_105_ENST00000395621.7.fasta_pilon	424rev	TGGGCGGACGGGCAACGGCCAGG	89	76	exon:ARSA	46	69	62	70	ggc
target_105_ENST00000395621.7.fasta_pilon	863forw	GGTGACCGTGGCCGAAGTCCTGG	89	87	exon:ARSA	44	51	50	66	GrafOK
target_105_ENST00000395621.7.fasta_pilon	1227rev	ATGTAGCGGGCCTCTAGTCCGGG	89	51	exon:ARSA	53	73	71	78	GrafOK
target_105_ENST00000395621.7.fasta_pilon	1265rev	GGCGCTGGGCGTCGGCCATGAGG	89	85	exon:ARSA	60	57	50	67	GrafOK
target_105_ENST00000395621.7.fasta_pilon	1446rev	GGGAGTCCCCAAATGGCCCGCGG	89	85	exon:ARSA	61	67	63	83	GrafOK
target_105_ENST00000395621.7.fasta_pilon	1776rev	AAGTCACAAAGCTTGCCCGGAGG	89	87	intron:ARSA	77	78	56	82	GrafOK
target_105_ENST00000395621.7.fasta_pilon	2089rev	GCCAGCTCGTGGGTCACGCCTGG	89	79	exon:ARSA	23	40	63	77	GrafOK
target_105_ENST00000395621.7.fasta_pilon	2510rev	AAACCCCACGGACCTCGTCTGGG	89	46	exon:ARSA	60	46	63	73	GrafOK
target_105_ENST00000395621.7.fasta_pilon	2879rev	AGGTCACAGCTGCGTCTAACTGG	89	111	exon:ARSA	27	24	76	85	GrafOK
target_105_ENST00000395621.7.fasta_pilon	128forw	GACCCTGAGCCCGGACCGCTAGG	88	122	exon:ARSA	53	40	62	76	GrafOK
target_105_ENST00000395621.7.fasta_pilon	193rev	AGTACCGGGAGACCGCGGGCTGG	88	60	exon:ARSA	51	32	72	75	GrafOK
target_105_ENST00000395621.7.fasta_pilon	272forw	CGTCAGGGTCGGGGAGTATTTGG	88	54	exon:ARSA	15	50	64	84	tt
target_105_ENST00000395621.7.fasta_pilon	593rev	CGGCCCCCTCTTTACCTAGAGGG	88	51	exon:ARSA	44	72	57	84	GrafOK
target_105_ENST00000395621.7.fasta_pilon	748forw	GACTCTGTGACTTGTCCCGCAGG	88	92	exon:ARSA	40	18	65	77	GrafOK
target_105_ENST00000395621.7.fasta_pilon	993forw	CCGTACTCCCACGACCAGGTAGG	88	44	exon:ARSA	65	47	68	82	GrafOK
target_105_ENST00000395621.7.fasta_pilon	1237forw	CCCCTGGCTGCCCGGACTAGAGG	88	128	exon:ARSA	47	44	78	82	GrafOK
target_105_ENST00000395621.7.fasta_pilon	1879rev	CGGGACATACGCATGGTCTCAGG	88	46	exon:ARSA	46	50	69	81	tt
target_105_ENST00000395621.7.fasta_pilon	1913rev	CTTTCCACACCGCAAGAGACCGG	88	79	exon:ARSA	54	41	63	87	GrafOK
target_105_ENST00000395621.7.fasta_pilon	2050rev	AGTCACTCAGTTCGCCATCAAGG	88	82	intron:ARSA	58	51	68	68	GrafOK
target_105_ENST00000395621.7.fasta_pilon	2546forw	GGGGTTTTTGCTGTGCGGACTGG	88	94	exon:ARSA	43	55	70	75	GrafOK
target_105_ENST00000395621.7.fasta_pilon	164forw	ATCTCCGCTCGAGAATCTGAAGG	87	67	exon:ARSA	57	23	57	75	GrafOK
target_105_ENST00000395621.7.fasta_pilon	366rev	CCCCATGGACATGGGACCGAGGG	87	111	exon:ARSA	51	59	67	76	GrafOK
target_105_ENST00000395621.7.fasta_pilon	436rev	TCAGCACGATGTTGGGCGGACGG	87	57	exon:ARSA	56	48	77	82	GrafOK
target_105_ENST00000395621.7.fasta_pilon	443rev	GCAAAGATCAGCACGATGTTGGG	87	112	exon:ARSA	43	44	69	86	tt
target_105_ENST00000395621.7.fasta_pilon	910forw	TGGCCGGCAAGTGGCACCTTGGG	87	52	exon:ARSA	34	89	68	76	tt
target_105_ENST00000395621.7.fasta_pilon	987rev	GGGCCCGGGTGGTTCCTACCTGG	87	92	exon:ARSA	50	65	67	85	GrafOK
target_105_ENST00000395621.7.fasta_pilon	1334forw	GCCTCTCACGTAAGTGATCTTGG	87	66	exon:ARSA	38	10	66	71	GrafOK
target_105_ENST00000395621.7.fasta_pilon	1924forw	GCGGCTGCTCCGGTCTCTTGCGG	87	99	exon:ARSA	55	67	54	84	tt
target_105_ENST00000395621.7.fasta_pilon	2086rev	AGCTCGTGGGTCACGCCTGGGGG	87	86	exon:ARSA	56	65	64	79	GrafOK
target_105_ENST00000395621.7.fasta_pilon	2108forw	CCCAGGCGTGACCCACGAGCTGG	87	125	exon:ARSA	50	40	61	78	GrafOK
target_105_ENST00000395621.7.fasta_pilon	2391forw	CAAGAAGCGGTGCACGTCCAGGG	87	66	intron:ARSA	57	59	62	80	GrafOK
target_105_ENST00000395621.7.fasta_pilon	2501rev	GGACCTCGTCTGGGTAGGACGGG	87	66	exon:ARSA	55	49	63	61	GrafOK
target_105_ENST00000395621.7.fasta_pilon	2rev	GGCTGCGGGCGCTTCCGCCTCGG	86	112	exon:ARSA	NotEnoughFlankSeq	NotEnoughFlankSeq	NotEnoughFlankSeq	NotEnoughFlankSeq	ggc
target_105_ENST00000395621.7.fasta_pilon	47rev	GCCGGGGGGAAGGCGCTAGAGGG	86	124	exon:ARSA	NotEnoughFlankSeq	NotEnoughFlankSeq	NotEnoughFlankSeq	NotEnoughFlankSeq	GrafOK
target_105_ENST00000395621.7.fasta_pilon	80forw	TCCCCCCGGCCCGACTCCGCTGG	86	128	exon:ARSA	40	35	67	73	GrafOK
target_105_ENST00000395621.7.fasta_pilon	759rev	GAACCGGGAGCCGGCCGGTCAGG	86	73	exon:ARSA	42	87	62	63	GrafOK
target_105_ENST00000395621.7.fasta_pilon	798forw	GTTCGGATGGGCATGTACCCTGG	86	59	exon:ARSA	56	34	63	77	GrafOK
target_105_ENST00000395621.7.fasta_pilon	901forw	TCACAGGAATGGCCGGCAAGTGG	86	111	exon:ARSA	56	45	75	85	GrafOK
target_105_ENST00000395621.7.fasta_pilon	941rev	AAATCGATGGAAGCCCTGATGGG	86	75	exon:ARSA	53	61	68	82	GrafOK
target_105_ENST00000395621.7.fasta_pilon	1131rev	CCGTCGCAAGGAGTGGCCGGCGG	86	63	exon:ARSA	56	92	70	88	GrafOK
target_105_ENST00000395621.7.fasta_pilon	2044rev	TCAGTTCGCCATCAAGGTTGGGG	86	65	intron:ARSA	58	67	65	76	GrafOK
target_105_ENST00000395621.7.fasta_pilon	2502rev	CGGACCTCGTCTGGGTAGGACGG	86	54	exon:ARSA	44	64	66	62	GrafOK
target_105_ENST00000395621.7.fasta_pilon	2813forw	GGTGAGAACTACAACCTGCTGGG	86	91	exon:ARSA	56	43	68	84	GrafOK
target_105_ENST00000395621.7.fasta_pilon	24rev	AGCCCAGGAGGAGCCGGTACCGG	85	220	exon:ARSA	NotEnoughFlankSeq	NotEnoughFlankSeq	NotEnoughFlankSeq	NotEnoughFlankSeq	GrafOK
target_105_ENST00000395621.7.fasta_pilon	148rev	GGCACCTTCAGATTCTCGAGCGG	85	95	exon:ARSA	72	36	70	79	GrafOK
target_105_ENST00000395621.7.fasta_pilon	385forw	CCCCTCGGTCCCATGTCCATGGG	85	88	exon:ARSA	39	51	71	63	GrafOK
target_105_ENST00000395621.7.fasta_pilon	764rev	CATCCGAACCGGGAGCCGGCCGG	85	43	exon:ARSA	56	40	65	79	GrafOK
target_105_ENST00000395621.7.fasta_pilon	909forw	ATGGCCGGCAAGTGGCACCTTGG	85	79	exon:ARSA	50	64	69	77	GrafOK
target_105_ENST00000395621.7.fasta_pilon	911forw	GGCCGGCAAGTGGCACCTTGGGG	85	74	exon:ARSA	63	50	69	86	tt
target_105_ENST00000395621.7.fasta_pilon	989forw	CATCCCGTACTCCCACGACCAGG	85	73	exon:ARSA	60	34	65	62	GrafOK
target_105_ENST00000395621.7.fasta_pilon	1130rev	CGTCGCAAGGAGTGGCCGGCGGG	85	53	exon:ARSA	51	49	72	88	GrafOK
target_105_ENST00000395621.7.fasta_pilon	1134rev	CCACCGTCGCAAGGAGTGGCCGG	85	58	exon:ARSA	47	51	74	84	GrafOK
target_105_ENST00000395621.7.fasta_pilon	1280rev	AGAAGGGGCGATCCTGGCGCTGG	85	102	exon:ARSA	34	42	64	65	GrafOK
target_105_ENST00000395621.7.fasta_pilon	1449forw	TTTGCAGAGCGTTCAGGCCGCGG	85	90	exon:ARSA	41	37	63	79	GrafOK
target_105_ENST00000395621.7.fasta_pilon	273forw	GTCAGGGTCGGGGAGTATTTGGG	84	82	exon:ARSA	29	51	64	82	tt
target_105_ENST00000395621.7.fasta_pilon	331forw	CGGTATCGGAAAGAGCCTGCTGG	84	41	exon:ARSA	52	29	63	86	GrafOK
target_105_ENST00000395621.7.fasta_pilon	349rev	CGAGGGGTCTGTCCCAAGAGAGG	84	83	exon:ARSA	60	60	67	82	GrafOK
target_105_ENST00000395621.7.fasta_pilon	365rev	CCCATGGACATGGGACCGAGGGG	84	92	exon:ARSA	67	60	63	78	GrafOK
target_105_ENST00000395621.7.fasta_pilon	440rev	AAGATCAGCACGATGTTGGGCGG	84	109	exon:ARSA	68	60	69	80	GrafOK
target_105_ENST00000395621.7.fasta_pilon	444rev	GGCAAAGATCAGCACGATGTTGG	84	142	exon:ARSA	50	24	66	75	GrafOK
target_105_ENST00000395621.7.fasta_pilon	1003forw	ACGACCAGGTAGGAACCACCCGG	84	72	exon:ARSA	59	45	65	69	GrafOK
target_105_ENST00000395621.7.fasta_pilon	1874rev	CATACGCATGGTCTCAGGTCTGG	84	67	exon:ARSA	38	51	63	81	GrafOK
target_105_ENST00000395621.7.fasta_pilon	1934forw	CGGTCTCTTGCGGTGTGGAAAGG	84	74	exon:ARSA	43	63	59	78	GrafOK
target_105_ENST00000395621.7.fasta_pilon	2572rev	CCACGGGGAGGGGTTACCCTGGG	84	114	exon:ARSA	53	71	62	81	GrafOK
target_105_ENST00000395621.7.fasta_pilon	2790rev	AGCAGGTTGTAGTTCTCACCAGG	84	105	exon:ARSA	48	32	51	71	GrafOK
target_105_ENST00000395621.7.fasta_pilon	62rev	GACCAGCGGAGTCGGGCCGGGGG	83	79	exon:ARSA	53	79	67	81	GrafOK
target_105_ENST00000395621.7.fasta_pilon	76rev	AGTCACTTGGCGCTGACCAGCGG	83	80	exon:ARSA	66	61	65	81	GrafOK
target_105_ENST00000395621.7.fasta_pilon	367rev	CCCCCATGGACATGGGACCGAGG	83	100	exon:ARSA	52	46	66	81	GrafOK
target_105_ENST00000395621.7.fasta_pilon	756rev	CCGGGAGCCGGCCGGTCAGGAGG	83	161	exon:ARSA	45	73	62	62	GrafOK
target_105_ENST00000395621.7.fasta_pilon	1497rev	GGTCCCCTATGGCTGTCATCAGG	83	72	exon:ARSA	36	26	51	60	GrafOK
target_105_ENST00000395621.7.fasta_pilon	1610forw	CTCCGGCCCTGTCACGGGCCAGG	83	168	intron:ARSA	33	44	58	78	ggc
target_105_ENST00000395621.7.fasta_pilon	1999rev	AGAGGGCCTGCGGACTGACCGGG	83	113	exon:ARSA	52	61	62	75	GrafOK
target_105_ENST00000395621.7.fasta_pilon	2041rev	GTTCGCCATCAAGGTTGGGGTGG	83	61	intron:ARSA	61	48	66	68	GrafOK
target_105_ENST00000395621.7.fasta_pilon	2812forw	TGGTGAGAACTACAACCTGCTGG	83	108	exon:ARSA	48	11	65	86	GrafOK
target_105_ENST00000395621.7.fasta_pilon	61rev	ACCAGCGGAGTCGGGCCGGGGGG	82	100	exon:ARSA	66	91	69	74	GrafOK
target_105_ENST00000395621.7.fasta_pilon	106rev	TAGCGGTCCGGGCTCAGGGTCGG	82	57	exon:ARSA	38	72	65	71	GrafOK
target_105_ENST00000395621.7.fasta_pilon	207rev	GGCCGGGGCCCGACAGTACCGGG	82	112	exon:ARSA	45	61	67	79	GrafOK
target_105_ENST00000395621.7.fasta_pilon	251rev	CAAATACTCCCCGACCCTGACGG	82	92	exon:ARSA	61	43	60	63	GrafOK
target_105_ENST00000395621.7.fasta_pilon	257forw	GCTTCAGGAGGCGGCCGTCAGGG	82	102	exon:ARSA	53	78	56	73	GrafOK
target_105_ENST00000395621.7.fasta_pilon	278forw	GGTCGGGGAGTATTTGGGTCCGG	82	112	exon:ARSA	44	71	64	76	GrafOK
target_105_ENST00000395621.7.fasta_pilon	489forw	CGACCTCGGCTATGGGGACCTGG	82	62	exon:ARSA	30	25	61	64	GrafOK
target_105_ENST00000395621.7.fasta_pilon	653rev	CCCGCCCCCCTGCAATCCATTGG	82	111	intron:ARSA	30	55	66	89	GrafOK
target_105_ENST00000395621.7.fasta_pilon	806forw	GGGCATGTACCCTGGCGTCCTGG	82	120	exon:ARSA	44	47	63	78	GrafOK
target_105_ENST00000395621.7.fasta_pilon	1240rev	ATGGGCGAAAGCCATGTAGCGGG	82	95	exon:ARSA	58	49	68	81	GrafOK
target_105_ENST00000395621.7.fasta_pilon	1286rev	ACAGGAAGAAGGGGCGATCCTGG	82	202	exon:ARSA	50	36	56	69	GrafOK
target_105_ENST00000395621.7.fasta_pilon	1697rev	GTGTCTCCTGACTACACCTTGGG	82	129	intron:ARSA	50	65	53	72	tt
target_105_ENST00000395621.7.fasta_pilon	3117forw	TGATAACGTAATAACACCAGTGG	82	91	exon:ARSA	NotEnoughFlankSeq	NotEnoughFlankSeq	NotEnoughFlankSeq	NotEnoughFlankSeq	GrafOK
target_105_ENST00000395621.7.fasta_pilon	23rev	GCCCAGGAGGAGCCGGTACCGGG	81	224	exon:ARSA	NotEnoughFlankSeq	NotEnoughFlankSeq	NotEnoughFlankSeq	NotEnoughFlankSeq	GrafOK
target_105_ENST00000395621.7.fasta_pilon	192rev	GTACCGGGAGACCGCGGGCTGGG	81	98	exon:ARSA	48	77	74	79	GrafOK
target_105_ENST00000395621.7.fasta_pilon	233forw	ACTGTCGGGCCCCGGCCCTCTGG	81	102	exon:ARSA	42	55	66	80	GrafOK
target_105_ENST00000395621.7.fasta_pilon	288forw	TATTTGGGTCCGGGGTCTCAGGG	81	80	exon:ARSA	51	49	61	71	GrafOK
target_105_ENST00000395621.7.fasta_pilon	375rev	CCGCGGTGCCCCCATGGACATGG	81	81	exon:ARSA	41	39	68	61	GrafOK
target_105_ENST00000395621.7.fasta_pilon	386forw	CCCTCGGTCCCATGTCCATGGGG	81	126	exon:ARSA	59	35	68	68	GrafOK
target_105_ENST00000395621.7.fasta_pilon	609forw	CACACCCTCTAGGTAAAGAGGGG	81	116	exon:ARSA	65	44	61	84	GrafOK
target_105_ENST00000395621.7.fasta_pilon	755rev	CGGGAGCCGGCCGGTCAGGAGGG	81	108	exon:ARSA	45	66	63	75	GrafOK
target_105_ENST00000395621.7.fasta_pilon	973rev	CCTACCTGGTCGTGGGAGTACGG	81	86	exon:ARSA	35	56	70	76	GrafOK
target_105_ENST00000395621.7.fasta_pilon	1165forw	TTGCGACGGTGGCTGTGACCAGG	81	135	exon:ARSA	37	50	69	69	GrafOK
target_105_ENST00000395621.7.fasta_pilon	1270forw	GGCTTTCGCCCATGACCTCATGG	81	120	exon:ARSA	51	24	53	76	GrafOK
target_105_ENST00000395621.7.fasta_pilon	1279rev	GAAGGGGCGATCCTGGCGCTGGG	81	109	exon:ARSA	47	78	66	73	GrafOK
target_105_ENST00000395621.7.fasta_pilon	1683rev	CACCTTGGGCCCCTGCAACGTGG	81	122	intron:ARSA	63	47	55	78	GrafOK
target_105_ENST00000395621.7.fasta_pilon	2789rev	GCAGGTTGTAGTTCTCACCAGGG	81	115	exon:ARSA	67	39	48	77	GrafOK
target_105_ENST00000395621.7.fasta_pilon	65rev	GCTGACCAGCGGAGTCGGGCCGG	80	102	exon:ARSA	36	49	66	80	GrafOK
target_105_ENST00000395621.7.fasta_pilon	666forw	TTTCCTCCCAATGGATTGCAGGG	80	141	intron:ARSA	44	43	65	92	GrafOK
target_105_ENST00000395621.7.fasta_pilon	879rev	ACTTGCCGGCCATTCCTGTGAGG	80	70	exon:ARSA	67	64	61	85	GrafOK
target_105_ENST00000395621.7.fasta_pilon	885forw	GCTGCCCGAGGCTACCTCACAGG	80	106	exon:ARSA	53	65	57	80	GrafOK
target_105_ENST00000395621.7.fasta_pilon	942rev	GAAATCGATGGAAGCCCTGATGG	80	91	exon:ARSA	53	33	64	73	GrafOK
target_105_ENST00000395621.7.fasta_pilon	1192rev	CTGCGCCTCCACGGACAGGTTGG	80	101	exon:ARSA	51	55	57	77	GrafOK
target_105_ENST00000395621.7.fasta_pilon	1196rev	GGGGCTGCGCCTCCACGGACAGG	80	169	exon:ARSA	43	66	62	73	GrafOK
target_105_ENST00000395621.7.fasta_pilon	1604forw	TGGGTGCTCCGGCCCTGTCACGG	80	122	intron:ARSA	47	51	62	73	GrafOK
target_105_ENST00000395621.7.fasta_pilon	1935forw	GGTCTCTTGCGGTGTGGAAAGGG	80	105	exon:ARSA	49	39	61	76	GrafOK
target_105_ENST00000395621.7.fasta_pilon	2099rev	CAGGGAGCTGGCCAGCTCGTGGG	80	182	exon:ARSA	53	74	60	72	GrafOK
target_105_ENST00000395621.7.fasta_pilon	2573rev	TCCACGGGGAGGGGTTACCCTGG	80	98	exon:ARSA	41	38	64	77	GrafOK
target_105_ENST00000395621.7.fasta_pilon	2760rev	GACAGGTCATAGAGCAGCGGGGG	80	107	exon:ARSA	62	67	66	67	GrafOK
target_105_ENST00000395621.7.fasta_pilon	387forw	CCTCGGTCCCATGTCCATGGGGG	79	99	exon:ARSA	68	68	68	81	GrafOK
target_105_ENST00000395621.7.fasta_pilon	395forw	CCATGTCCATGGGGGCACCGCGG	79	122	exon:ARSA	69	53	72	82	GrafOK
target_105_ENST00000395621.7.fasta_pilon	490forw	GACCTCGGCTATGGGGACCTGGG	79	96	exon:ARSA	53	71	64	69	GrafOK
target_105_ENST00000395621.7.fasta_pilon	669forw	CCTCCCAATGGATTGCAGGGGGG	79	123	intron:ARSA	65	64	64	88	GrafOK
target_105_ENST00000395621.7.fasta_pilon	1004forw	CGACCAGGTAGGAACCACCCGGG	79	69	exon:ARSA	71	64	62	74	GrafOK
target_105_ENST00000395621.7.fasta_pilon	1400rev	CCCACTGAACTGAGGGTAGTGGG	79	131	exon:ARSA	44	51	59	76	GrafOK
target_105_ENST00000395621.7.fasta_pilon	1514forw	GACCCTGATGACAGCCATAGGGG	79	122	exon:ARSA	60	59	63	73	GrafOK
target_105_ENST00000395621.7.fasta_pilon	1576forw	CAGACAATGGGTATGCCAGCAGG	79	132	exon:ARSA	47	37	52	80	GrafOK
target_105_ENST00000395621.7.fasta_pilon	1655forw	GCTGCTTGCCAAGAACATAGTGG	79	132	intron:ARSA	64	36	61	84	GrafOK
target_105_ENST00000395621.7.fasta_pilon	1807forw	GCTTTGTGACTTAGAGGTGTGGG	79	132	intron:ARSA	47	50	65	76	GrafOK
target_105_ENST00000395621.7.fasta_pilon	1873rev	ATACGCATGGTCTCAGGTCTGGG	79	78	exon:ARSA	52	51	65	83	GrafOK
target_105_ENST00000395621.7.fasta_pilon	1976rev	AGCGATATGACCTGGCCAGAAGG	79	84	exon:ARSA	59	38	63	84	GrafOK
target_105_ENST00000395621.7.fasta_pilon	2000rev	GAGAGGGCCTGCGGACTGACCGG	79	174	exon:ARSA	41	69	61	87	GrafOK
target_105_ENST00000395621.7.fasta_pilon	304forw	CTCAGGGAAGGGCGGCGCCTGGG	78	206	exon:ARSA	41	60	58	64	ggc
target_105_ENST00000395621.7.fasta_pilon	607forw	TGCACACCCTCTAGGTAAAGAGG	78	113	exon:ARSA	49	38	67	72	GrafOK
target_105_ENST00000395621.7.fasta_pilon	649rev	CCCCCCTGCAATCCATTGGGAGG	78	126	intron:ARSA	61	47	63	82	GrafOK
target_105_ENST00000395621.7.fasta_pilon	668forw	TCCTCCCAATGGATTGCAGGGGG	78	135	intron:ARSA	51	49	71	81	GrafOK
target_105_ENST00000395621.7.fasta_pilon	765forw	CGCAGGGCCGCCCTCCTGACCGG	78	137	exon:ARSA	41	71	58	79	GrafOK
target_105_ENST00000395621.7.fasta_pilon	981rev	GGGTGGTTCCTACCTGGTCGTGG	78	129	exon:ARSA	41	36	63	68	GrafOK
target_105_ENST00000395621.7.fasta_pilon	1135forw	GAACCTGACCTGCTTCCCGCCGG	78	107	exon:ARSA	60	31	71	85	GrafOK
target_105_ENST00000395621.7.fasta_pilon	1241rev	CATGGGCGAAAGCCATGTAGCGG	78	110	exon:ARSA	59	59	65	78	GrafOK
target_105_ENST00000395621.7.fasta_pilon	1541forw	GGGGCTGCTTGAAGAGACGCTGG	78	164	exon:ARSA	57	30	66	71	GrafOK
target_105_ENST00000395621.7.fasta_pilon	1711forw	CAGGGGCCCAAGGTGTAGTCAGG	78	161	intron:ARSA	41	68	69	76	GrafOK
target_105_ENST00000395621.7.fasta_pilon	1828forw	GGGCCACTGGTCACCCTCGGTGG	78	147	intron:ARSA	60	85	67	82	GrafOK
target_105_ENST00000395621.7.fasta_pilon	1898rev	GAGACCGGAGCAGCCGCCTCGGG	78	127	exon:ARSA	45	86	72	71	GrafOK
target_105_ENST00000395621.7.fasta_pilon	1899rev	AGAGACCGGAGCAGCCGCCTCGG	78	144	exon:ARSA	46	65	73	71	ggc
target_105_ENST00000395621.7.fasta_pilon	103rev	CGGTCCGGGCTCAGGGTCGGGGG	77	129	exon:ARSA	40	88	64	78	GrafOK
target_105_ENST00000395621.7.fasta_pilon	172forw	TCGAGAATCTGAAGGTGCCCTGG	77	112	exon:ARSA	52	23	74	85	GrafOK
target_105_ENST00000395621.7.fasta_pilon	209forw	CGTCCCAGCCCGCGGTCTCCCGG	77	181	exon:ARSA	46	27	70	89	GrafOK
target_105_ENST00000395621.7.fasta_pilon	287forw	GTATTTGGGTCCGGGGTCTCAGG	77	85	exon:ARSA	33	56	61	74	tt
target_105_ENST00000395621.7.fasta_pilon	608forw	GCACACCCTCTAGGTAAAGAGGG	77	104	exon:ARSA	56	25	63	77	GrafOK
target_105_ENST00000395621.7.fasta_pilon	665forw	CTTTCCTCCCAATGGATTGCAGG	77	177	intron:ARSA	26	14	65	87	tt
target_105_ENST00000395621.7.fasta_pilon	893rev	CACCCCAAGGTGCCACTTGCCGG	77	137	exon:ARSA	52	31	76	88	tt
target_105_ENST00000395621.7.fasta_pilon	939rev	ATCGATGGAAGCCCTGATGGGGG	77	101	exon:ARSA	59	60	70	70	GrafOK
target_105_ENST00000395621.7.fasta_pilon	1176rev	AGGTTGGCCAACAGTGGGATGGG	77	101	exon:ARSA	50	58	62	77	GrafOK
target_105_ENST00000395621.7.fasta_pilon	1218rev	GCCTCTAGTCCGGGCAGCCAGGG	77	141	exon:ARSA	37	43	60	81	GrafOK
target_105_ENST00000395621.7.fasta_pilon	1273rev	GCGATCCTGGCGCTGGGCGTCGG	77	106	exon:ARSA	40	63	56	77	GrafOK
target_105_ENST00000395621.7.fasta_pilon	1496rev	GTCCCCTATGGCTGTCATCAGGG	77	115	exon:ARSA	49	38	51	61	GrafOK
target_105_ENST00000395621.7.fasta_pilon	1692forw	GGAGATGCTGGCCACGTTGCAGG	77	222	intron:ARSA	38	46	50	71	tt
target_105_ENST00000395621.7.fasta_pilon	1698rev	TGTGTCTCCTGACTACACCTTGG	77	185	intron:ARSA	54	24	55	74	GrafOK
target_105_ENST00000395621.7.fasta_pilon	1914forw	ATGTCCCGAGGCGGCTGCTCCGG	77	93	exon:ARSA	46	66	58	59	GrafOK
target_105_ENST00000395621.7.fasta_pilon	2557forw	TGTGCGGACTGGAAAGTACAAGG	77	134	exon:ARSA	62	49	62	76	GrafOK
target_105_ENST00000395621.7.fasta_pilon	2619rev	AGGGATCTAGGGCTCCGGGGAGG	77	164	intron:ARSA	39	85	66	72	GrafOK
target_105_ENST00000395621.7.fasta_pilon	256forw	AGCTTCAGGAGGCGGCCGTCAGG	76	94	exon:ARSA	32	50	58	76	GrafOK
target_105_ENST00000395621.7.fasta_pilon	500forw	ATGGGGACCTGGGCTGCTATGGG	76	180	exon:ARSA	39	67	70	81	GrafOK
target_105_ENST00000395621.7.fasta_pilon	940rev	AATCGATGGAAGCCCTGATGGGG	76	182	exon:ARSA	56	46	72	62	GrafOK
target_105_ENST00000395621.7.fasta_pilon	1103forw	CACGGCAGCTGCCCGCCTCAGGG	76	165	exon:ARSA	46	39	60	74	GrafOK
target_105_ENST00000395621.7.fasta_pilon	1182rev	ACGGACAGGTTGGCCAACAGTGG	76	96	exon:ARSA	67	62	66	69	GrafOK
target_105_ENST00000395621.7.fasta_pilon	1288forw	CATGGCCGACGCCCAGCGCCAGG	76	121	exon:ARSA	44	58	53	74	GrafOK
target_105_ENST00000395621.7.fasta_pilon	1513forw	GGACCCTGATGACAGCCATAGGG	76	133	exon:ARSA	54	31	65	74	GrafOK
target_105_ENST00000395621.7.fasta_pilon	1693forw	GAGATGCTGGCCACGTTGCAGGG	76	222	intron:ARSA	48	56	55	81	GrafOK
target_105_ENST00000395621.7.fasta_pilon	2416rev	CCCCAAGCACTGCACATACCTGG	76	170	intron:ARSA	43	7	70	87	GrafOK
target_105_ENST00000395621.7.fasta_pilon	2816forw	GAGAACTACAACCTGCTGGGGGG	76	110	exon:ARSA	75	68	62	87	GrafOK
target_105_ENST00000395621.7.fasta_pilon	2920rev	CAGGGCGGGGTCCTCGCCCCGGG	76	251	exon:ARSA	35	93	58	68	GrafOK
target_105_ENST00000395621.7.fasta_pilon	41forw	AGCCCGGTACCGGCTCCTCCTGG	75	109	exon:ARSA	NotEnoughFlankSeq	NotEnoughFlankSeq	NotEnoughFlankSeq	NotEnoughFlankSeq	GrafOK
target_105_ENST00000395621.7.fasta_pilon	48rev	GGCCGGGGGGAAGGCGCTAGAGG	75	238	exon:ARSA	43	69	64	73	GrafOK
target_105_ENST00000395621.7.fasta_pilon	303forw	TCTCAGGGAAGGGCGGCGCCTGG	75	165	exon:ARSA	29	47	58	74	GrafOK
target_105_ENST00000395621.7.fasta_pilon	548forw	TGGACCAGCTGGCGGCGGGAGGG	75	200	exon:ARSA	48	64	77	85	GrafOK
target_105_ENST00000395621.7.fasta_pilon	610forw	ACACCCTCTAGGTAAAGAGGGGG	75	131	exon:ARSA	75	52	62	85	GrafOK
target_105_ENST00000395621.7.fasta_pilon	769forw	GGGCCGCCCTCCTGACCGGCCGG	75	146	exon:ARSA	50	62	70	73	GrafOK
target_105_ENST00000395621.7.fasta_pilon	1419forw	ACCCACTACCCTCAGTTCAGTGG	75	134	exon:ARSA	62	25	64	86	GrafOK
target_105_ENST00000395621.7.fasta_pilon	1472forw	GCCATTTGGGGACTCCCTGATGG	75	148	exon:ARSA	45	47	65	77	GrafOK
target_105_ENST00000395621.7.fasta_pilon	1520forw	GATGACAGCCATAGGGGACCTGG	75	160	exon:ARSA	42	20	56	71	GrafOK
target_105_ENST00000395621.7.fasta_pilon	1521forw	ATGACAGCCATAGGGGACCTGGG	75	130	exon:ARSA	52	51	54	78	GrafOK
target_105_ENST00000395621.7.fasta_pilon	1605forw	GGGTGCTCCGGCCCTGTCACGGG	75	147	intron:ARSA	41	58	63	59	GrafOK
target_105_ENST00000395621.7.fasta_pilon	1749forw	AGAGCTGGTCTTGGTAGGCCTGG	75	216	intron:ARSA	40	41	58	68	ggc
target_105_ENST00000395621.7.fasta_pilon	1821rev	CACAGCCTCTGAGCCACCGAGGG	75	225	intron:ARSA	62	67	66	81	GrafOK
target_105_ENST00000395621.7.fasta_pilon	2414rev	CCAAGCACTGCACATACCTGGGG	75	167	intron:ARSA	63	68	59	85	GrafOK
target_105_ENST00000395621.7.fasta_pilon	2662rev	GGGGGCCAATTCTGTGCACAGGG	75	143	intron:ARSA	57	64	71	80	GrafOK
target_105_ENST00000395621.7.fasta_pilon	2815forw	TGAGAACTACAACCTGCTGGGGG	75	126	exon:ARSA	67	53	64	74	GrafOK
target_105_ENST00000395621.7.fasta_pilon	2903forw	TTAGACGCAGCTGTGACCTTCGG	75	129	exon:ARSA	48	53	66	83	tt
target_105_ENST00000395621.7.fasta_pilon	16rev	AGGAGCCGGTACCGGGCTGCGGG	74	133	exon:ARSA	NotEnoughFlankSeq	NotEnoughFlankSeq	NotEnoughFlankSeq	NotEnoughFlankSeq	GrafOK
target_105_ENST00000395621.7.fasta_pilon	104rev	GCGGTCCGGGCTCAGGGTCGGGG	74	165	exon:ARSA	31	83	61	73	GrafOK
target_105_ENST00000395621.7.fasta_pilon	201forw	AGGAGTTCCGTCCCAGCCCGCGG	74	177	exon:ARSA	61	84	76	75	GrafOK
target_105_ENST00000395621.7.fasta_pilon	263forw	GGAGGCGGCCGTCAGGGTCGGGG	74	222	exon:ARSA	48	76	63	64	GrafOK
target_105_ENST00000395621.7.fasta_pilon	1079rev	GAGGCGGGCAGCTGCCGTGAGGG	74	267	intron:ARSA	49	100	56	73	GrafOK
target_105_ENST00000395621.7.fasta_pilon	1166forw	TGCGACGGTGGCTGTGACCAGGG	74	125	exon:ARSA	43	61	70	79	GrafOK
target_105_ENST00000395621.7.fasta_pilon	1401rev	GCCCACTGAACTGAGGGTAGTGG	74	166	exon:ARSA	51	54	59	69	GrafOK
target_105_ENST00000395621.7.fasta_pilon	1443forw	CAGAGCTTTGCAGAGCGTTCAGG	74	186	exon:ARSA	41	54	62	71	tt
target_105_ENST00000395621.7.fasta_pilon	1577forw	AGACAATGGGTATGCCAGCAGGG	74	153	exon:ARSA	65	65	54	87	GrafOK
target_105_ENST00000395621.7.fasta_pilon	1750forw	GAGCTGGTCTTGGTAGGCCTGGG	74	213	intron:ARSA	48	69	57	73	ggc
target_105_ENST00000395621.7.fasta_pilon	1973forw	CGGTGTCCGAGAGCCTGCCTTGG	74	82	exon:ARSA	46	52	61	86	ggc
target_105_ENST00000395621.7.fasta_pilon	2478rev	TAGAAGAAGAGAGACTGCCGAGG	74	210	exon:ARSA	65	33	66	76	GrafOK
target_105_ENST00000395621.7.fasta_pilon	2663rev	AGGGGGCCAATTCTGTGCACAGG	74	122	intron:ARSA	46	60	72	76	GrafOK
target_105_ENST00000395621.7.fasta_pilon	2792forw	TATGACCTGTCCAAGGACCCTGG	74	131	exon:ARSA	58	46	48	78	GrafOK
target_105_ENST00000395621.7.fasta_pilon	17rev	GAGGAGCCGGTACCGGGCTGCGG	73	218	exon:ARSA	NotEnoughFlankSeq	NotEnoughFlankSeq	NotEnoughFlankSeq	NotEnoughFlankSeq	GrafOK
target_105_ENST00000395621.7.fasta_pilon	25forw	AGGCGGAAGCGCCCGCAGCCCGG	73	151	exon:ARSA	NotEnoughFlankSeq	NotEnoughFlankSeq	NotEnoughFlankSeq	NotEnoughFlankSeq	ggc
target_105_ENST00000395621.7.fasta_pilon	776forw	CCTCCTGACCGGCCGGCTCCCGG	73	170	exon:ARSA	40	37	66	83	GrafOK
target_105_ENST00000395621.7.fasta_pilon	869rev	CATTCCTGTGAGGTAGCCTCGGG	73	218	exon:ARSA	54	79	67	77	GrafOK
target_105_ENST00000395621.7.fasta_pilon	890forw	CCGAGGCTACCTCACAGGAATGG	73	107	exon:ARSA	56	63	68	78	GrafOK
target_105_ENST00000395621.7.fasta_pilon	914forw	CGGCAAGTGGCACCTTGGGGTGG	73	131	exon:ARSA	30	62	66	82	GrafOK
target_105_ENST00000395621.7.fasta_pilon	1420forw	CCCACTACCCTCAGTTCAGTGGG	73	214	exon:ARSA	59	28	63	86	GrafOK
target_105_ENST00000395621.7.fasta_pilon	1596rev	CAGGGCCCTGGCCCGTGACAGGG	73	299	intron:ARSA	46	62	63	65	GrafOK
target_105_ENST00000395621.7.fasta_pilon	1801forw	GGGCAAGCTTTGTGACTTAGAGG	73	146	intron:ARSA	42	63	69	84	GrafOK
target_105_ENST00000395621.7.fasta_pilon	1825forw	GTGGGGCCACTGGTCACCCTCGG	73	216	intron:ARSA	48	79	70	80	GrafOK
target_105_ENST00000395621.7.fasta_pilon	2471rev	AGAGAGACTGCCGAGGGCTCTGG	73	173	exon:ARSA	29	35	63	68	GrafOK
target_105_ENST00000395621.7.fasta_pilon	2522rev	TCCGCACAGCAAAAACCCCACGG	73	110	exon:ARSA	63	40	72	85	GrafOK
target_105_ENST00000395621.7.fasta_pilon	3016rev	CACATGCCCAGGCCAGCCGAGGG	73	200	exon:ARSA	54	56	65	84	GrafOK
target_105_ENST00000395621.7.fasta_pilon	3051forw	GGCATGTGATGGCTCCTCACTGG	73	174	exon:ARSA	36	45	57	75	GrafOK
target_105_ENST00000395621.7.fasta_pilon	370forw	CTCTCTTGGGACAGACCCCTCGG	72	199	exon:ARSA	50	58	66	85	GrafOK
target_105_ENST00000395621.7.fasta_pilon	499forw	TATGGGGACCTGGGCTGCTATGG	72	144	exon:ARSA	29	48	71	73	GrafOK
target_105_ENST00000395621.7.fasta_pilon	522rev	CGCCGCCAGCTGGTCCAGGTTGG	72	144	exon:ARSA	41	50	89	70	GrafOK
target_105_ENST00000395621.7.fasta_pilon	673forw	CCAATGGATTGCAGGGGGGCGGG	72	171	intron:ARSA	45	56	65	64	GrafOK
target_105_ENST00000395621.7.fasta_pilon	1259rev	GGGCGTCGGCCATGAGGTCATGG	72	87	exon:ARSA	38	69	48	74	GrafOK
target_105_ENST00000395621.7.fasta_pilon	1360rev	CTGGAGTTAGCACTGGGTAGGGG	72	206	intron:ARSA	60	58	67	81	GrafOK
target_105_ENST00000395621.7.fasta_pilon	1518rev	GCGTCTCTTCAAGCAGCCCCAGG	72	116	exon:ARSA	55	56	54	61	GrafOK
target_105_ENST00000395621.7.fasta_pilon	1815forw	ACTTAGAGGTGTGGGGCCACTGG	72	131	intron:ARSA	53	65	70	67	GrafOK
target_105_ENST00000395621.7.fasta_pilon	2320rev	ACTTGGATGCCACTCAGTGCAGG	72	147	intron:ARSA	53	34	65	87	GrafOK
target_105_ENST00000395621.7.fasta_pilon	2435forw	CCCAGGTATGTGCAGTGCTTGGG	72	170	intron:ARSA	33	41	69	81	tt
target_105_ENST00000395621.7.fasta_pilon	3024forw	ATGCCTGAGGGCCCCTCGGCTGG	72	143	exon:ARSA	37	45	69	67	GrafOK
target_105_ENST00000395621.7.fasta_pilon	3052forw	GCATGTGATGGCTCCTCACTGGG	72	151	exon:ARSA	46	51	56	72	GrafOK
target_105_ENST00000395621.7.fasta_pilon	336rev	CCAAGAGAGGGAGGGCTACTTGG	71	223	exon:ARSA	37	44	66	80	GrafOK
target_105_ENST00000395621.7.fasta_pilon	384forw	ACCCCTCGGTCCCATGTCCATGG	71	118	exon:ARSA	41	33	69	69	GrafOK
target_105_ENST00000395621.7.fasta_pilon	894forw	GGCTACCTCACAGGAATGGCCGG	71	157	exon:ARSA	55	35	74	80	GrafOK
target_105_ENST00000395621.7.fasta_pilon	972rev	CTACCTGGTCGTGGGAGTACGGG	71	167	exon:ARSA	45	73	67	72	GrafOK
target_105_ENST00000395621.7.fasta_pilon	1112rev	GCGGGAAGCAGGTCAGGTTCTGG	71	152	exon:ARSA	38	71	63	65	tt
target_105_ENST00000395621.7.fasta_pilon	1118rev	TGGCCGGCGGGAAGCAGGTCAGG	71	171	exon:ARSA	36	72	66	72	GrafOK
target_105_ENST00000395621.7.fasta_pilon	1217rev	CCTCTAGTCCGGGCAGCCAGGGG	71	123	exon:ARSA	47	67	62	80	GrafOK
target_105_ENST00000395621.7.fasta_pilon	1361rev	ACTGGAGTTAGCACTGGGTAGGG	71	164	intron:ARSA	50	55	68	90	GrafOK
target_105_ENST00000395621.7.fasta_pilon	1615rev	AGCTGAACTGCAAGGCCTCCAGG	71	183	intron:ARSA	34	6	63	59	GrafOK
target_105_ENST00000395621.7.fasta_pilon	1806forw	AGCTTTGTGACTTAGAGGTGTGG	71	193	intron:ARSA	53	38	68	76	GrafOK
target_105_ENST00000395621.7.fasta_pilon	2541forw	TCCGTGGGGTTTTTGCTGTGCGG	71	131	exon:ARSA	58	65	62	92	GrafOK
target_105_ENST00000395621.7.fasta_pilon	2761rev	GGACAGGTCATAGAGCAGCGGGG	71	147	exon:ARSA	72	35	63	87	GrafOK
target_105_ENST00000395621.7.fasta_pilon	348rev	GAGGGGTCTGTCCCAAGAGAGGG	70	206	exon:ARSA	54	69	66	76	GrafOK
target_105_ENST00000395621.7.fasta_pilon	540forw	TCCCAACCTGGACCAGCTGGCGG	70	197	exon:ARSA	64	62	61	79	GrafOK
target_105_ENST00000395621.7.fasta_pilon	599forw	TGTCTCTGTGCACACCCTCTAGG	70	234	exon:ARSA	49	46	58	75	tt
target_105_ENST00000395621.7.fasta_pilon	672forw	CCCAATGGATTGCAGGGGGGCGG	70	140	intron:ARSA	42	76	65	67	GrafOK
target_105_ENST00000395621.7.fasta_pilon	861rev	TGAGGTAGCCTCGGGCAGCCAGG	70	162	exon:ARSA	44	47	55	74	ggc
target_105_ENST00000395621.7.fasta_pilon	938rev	TCGATGGAAGCCCTGATGGGGGG	70	119	exon:ARSA	61	63	68	78	GrafOK
target_105_ENST00000395621.7.fasta_pilon	1038rev	CTGCGGGAGCATCAAGGGCTGGG	70	149	intron:ARSA	34	67	69	74	GrafOK
target_105_ENST00000395621.7.fasta_pilon	1043rev	TGGGGCTGCGGGAGCATCAAGGG	70	204	intron:ARSA	48	81	62	62	GrafOK
target_105_ENST00000395621.7.fasta_pilon	1347forw	GTGATCTTGGCCCAACCCCCTGG	70	189	intron:ARSA	49	47	68	78	GrafOK
target_105_ENST00000395621.7.fasta_pilon	1367rev	GCAAAGACTGGAGTTAGCACTGG	70	189	intron:ARSA	43	23	71	74	GrafOK
target_105_ENST00000395621.7.fasta_pilon	1744forw	CACAGAGAGCTGGTCTTGGTAGG	70	238	intron:ARSA	59	43	63	67	GrafOK
target_105_ENST00000395621.7.fasta_pilon	1779rev	TCTAAGTCACAAAGCTTGCCCGG	70	162	intron:ARSA	56	17	67	91	ggc
target_105_ENST00000395621.7.fasta_pilon	1811rev	GAGCCACCGAGGGTGACCAGTGG	70	255	intron:ARSA	62	74	68	78	GrafOK
target_105_ENST00000395621.7.fasta_pilon	2445rev	CAGAGTCAGGGGTCACGGGGCGG	70	354	intron:ARSA	32	93	66	76	GrafOK
target_105_ENST00000395621.7.fasta_pilon	2470rev	GAGAGACTGCCGAGGGCTCTGGG	70	188	exon:ARSA	35	58	64	68	tt
target_105_ENST00000395621.7.fasta_pilon	42forw	GCCCGGTACCGGCTCCTCCTGGG	69	118	exon:ARSA	NotEnoughFlankSeq	NotEnoughFlankSeq	NotEnoughFlankSeq	NotEnoughFlankSeq	tt
target_105_ENST00000395621.7.fasta_pilon	66forw	TCCCTCTAGCGCCTTCCCCCCGG	69	192	exon:ARSA	51	36	65	70	GrafOK
target_105_ENST00000395621.7.fasta_pilon	279forw	GTCGGGGAGTATTTGGGTCCGGG	69	101	exon:ARSA	39	55	63	72	GrafOK
target_105_ENST00000395621.7.fasta_pilon	381rev	GAGGGACCGCGGTGCCCCCATGG	69	144	exon:ARSA	45	83	69	76	GrafOK
target_105_ENST00000395621.7.fasta_pilon	521rev	GCCGCCAGCTGGTCCAGGTTGGG	69	159	exon:ARSA	45	72	89	74	GrafOK
target_105_ENST00000395621.7.fasta_pilon	873forw	GCCGAAGTCCTGGCTGCCCGAGG	69	159	exon:ARSA	58	53	67	84	GrafOK
target_105_ENST00000395621.7.fasta_pilon	1181rev	CGGACAGGTTGGCCAACAGTGGG	69	74	exon:ARSA	62	73	66	68	GrafOK
target_105_ENST00000395621.7.fasta_pilon	1362rev	GACTGGAGTTAGCACTGGGTAGG	69	188	intron:ARSA	59	42	68	83	GrafOK
target_105_ENST00000395621.7.fasta_pilon	1453rev	TCCATCAGGGAGTCCCCAAATGG	69	198	exon:ARSA	52	47	70	78	GrafOK
target_105_ENST00000395621.7.fasta_pilon	1643rev	CCCCTCACCCACTATGTTCTTGG	69	214	intron:ARSA	40	30	55	77	tt
target_105_ENST00000395621.7.fasta_pilon	1771forw	GGAGGTGCCGGGCTCGTGCTGGG	69	189		38	70	62	79	GrafOK
target_105_ENST00000395621.7.fasta_pilon	1836forw	GGTCACCCTCGGTGGCTCAGAGG	69	139	intron:ARSA	60	47	73	90	GrafOK
target_105_ENST00000395621.7.fasta_pilon	2025forw	CAGTCCGCAGGCCCTCTCCTTGG	69	186	intron:ARSA	40	40	59	72	tt
target_105_ENST00000395621.7.fasta_pilon	2100rev	CCAGGGAGCTGGCCAGCTCGTGG	69	266	exon:ARSA	48	42	60	75	GrafOK
target_105_ENST00000395621.7.fasta_pilon	2157rev	CCAAGGTGACATTGGGCAGTGGG	69	187	exon:ARSA	48	45	67	84	GrafOK
target_105_ENST00000395621.7.fasta_pilon	2356forw	TCCAAGTGGCGCCACCTCTCAGG	69	134	intron:ARSA	42	47	60	81	tt
target_105_ENST00000395621.7.fasta_pilon	2698rev	GTCTGCAGTGGTATCACTGTGGG	69	172	exon:ARSA	58	47	59	74	GrafOK
target_105_ENST00000395621.7.fasta_pilon	2785forw	GCTGCTCTATGACCTGTCCAAGG	69	196	exon:ARSA	62	30	57	85	GrafOK
target_105_ENST00000395621.7.fasta_pilon	169rev	ACGGAACTCCTCCAGGACCAGGG	68	131	exon:ARSA	68	62	74	68	GrafOK
target_105_ENST00000395621.7.fasta_pilon	170rev	GACGGAACTCCTCCAGGACCAGG	68	172	exon:ARSA	49	35	72	66	GrafOK
target_105_ENST00000395621.7.fasta_pilon	176rev	GGCTGGGACGGAACTCCTCCAGG	68	163	exon:ARSA	49	13	64	60	GrafOK
target_105_ENST00000395621.7.fasta_pilon	357forw	CAAGTAGCCCTCCCTCTCTTGGG	68	182	exon:ARSA	44	36	69	85	tt
target_105_ENST00000395621.7.fasta_pilon	547forw	CTGGACCAGCTGGCGGCGGGAGG	68	269	exon:ARSA	42	73	77	71	GrafOK
target_105_ENST00000395621.7.fasta_pilon	848rev	GGCAGCCAGGACTTCGGCCACGG	68	264	exon:ARSA	55	61	50	51	GrafOK
target_105_ENST00000395621.7.fasta_pilon	937rev	CGATGGAAGCCCTGATGGGGGGG	68	144	exon:ARSA	55	73	70	78	GrafOK
target_105_ENST00000395621.7.fasta_pilon	1219rev	GGCCTCTAGTCCGGGCAGCCAGG	68	162	exon:ARSA	35	33	59	72	ggc
target_105_ENST00000395621.7.fasta_pilon	1597rev	CCAGGGCCCTGGCCCGTGACAGG	68	310	intron:ARSA	33	58	64	81	GrafOK
target_105_ENST00000395621.7.fasta_pilon	1623rev	TGGCAAGCAGCTGAACTGCAAGG	68	216	intron:ARSA	58	56	71	92	GrafOK
target_105_ENST00000395621.7.fasta_pilon	2164rev	AAGCCATCCAAGGTGACATTGGG	68	180	exon:ARSA	48	65	72	78	tt
target_105_ENST00000395621.7.fasta_pilon	2181forw	CTGCCCAATGTCACCTTGGATGG	68	197	exon:ARSA	48	48	63	82	GrafOK
target_105_ENST00000395621.7.fasta_pilon	2342forw	TGCACTGAGTGGCATCCAAGTGG	68	178	intron:ARSA	63	32	61	88	GrafOK
target_105_ENST00000395621.7.fasta_pilon	2622rev	GCCAGGGATCTAGGGCTCCGGGG	68	144	intron:ARSA	51	54	66	84	GrafOK
target_105_ENST00000395621.7.fasta_pilon	2677forw	CCTTGCCCTGTGCACAGAATTGG	68	222	intron:ARSA	35	45	67	76	GrafOK
target_105_ENST00000395621.7.fasta_pilon	2690forw	ACAGAATTGGCCCCCTCCCCAGG	68	164	exon:ARSA	46	45	62	70	GrafOK
target_105_ENST00000395621.7.fasta_pilon	2814forw	GTGAGAACTACAACCTGCTGGGG	68	128	exon:ARSA	58	51	66	49	GrafOK
target_105_ENST00000395621.7.fasta_pilon	119forw	TACGCCCCCGACCCTGAGCCCGG	67	128	exon:ARSA	42	40	54	80	ggc
target_105_ENST00000395621.7.fasta_pilon	326rev	GAGGGCTACTTGGCTCCAGCAGG	67	181	exon:ARSA	46	32	71	80	GrafOK
target_105_ENST00000395621.7.fasta_pilon	543forw	CAACCTGGACCAGCTGGCGGCGG	67	222	exon:ARSA	44	59	67	69	GrafOK
target_105_ENST00000395621.7.fasta_pilon	1039rev	GCTGCGGGAGCATCAAGGGCTGG	67	236	intron:ARSA	28	44	67	73	GrafOK
target_105_ENST00000395621.7.fasta_pilon	1216rev	CTCTAGTCCGGGCAGCCAGGGGG	67	150	exon:ARSA	43	49	60	77	GrafOK
target_105_ENST00000395621.7.fasta_pilon	1344rev	GTAGGGGTCACGGGCAGCCAGGG	67	183	intron:ARSA	47	68	68	79	GrafOK
target_105_ENST00000395621.7.fasta_pilon	1366rev	CAAAGACTGGAGTTAGCACTGGG	67	181	intron:ARSA	59	67	72	75	GrafOK
target_105_ENST00000395621.7.fasta_pilon	1512forw	GGGACCCTGATGACAGCCATAGG	67	185	exon:ARSA	52	71	62	73	GrafOK
target_105_ENST00000395621.7.fasta_pilon	1563forw	GTCATCTTCACTGCAGACAATGG	67	214	exon:ARSA	56	41	57	80	GrafOK
target_105_ENST00000395621.7.fasta_pilon	1614rev	GCTGAACTGCAAGGCCTCCAGGG	67	213	intron:ARSA	53	56	61	66	GrafOK
target_105_ENST00000395621.7.fasta_pilon	2165rev	AAAGCCATCCAAGGTGACATTGG	67	220	exon:ARSA	55	30	68	76	GrafOK
target_105_ENST00000395621.7.fasta_pilon	2317rev	TGGATGCCACTCAGTGCAGGAGG	67	195	intron:ARSA	68	58	65	80	GrafOK
target_105_ENST00000395621.7.fasta_pilon	2361rev	GCACCGCTTCTTGCCCACCCAGG	67	151	intron:ARSA	60	52	69	88	GrafOK
target_105_ENST00000395621.7.fasta_pilon	2617rev	GGATCTAGGGCTCCGGGGAGGGG	67	226	intron:ARSA	37	68	67	69	GrafOK
target_105_ENST00000395621.7.fasta_pilon	2618rev	GGGATCTAGGGCTCCGGGGAGGG	67	187	intron:ARSA	40	69	66	73	GrafOK
target_105_ENST00000395621.7.fasta_pilon	2762rev	TGGACAGGTCATAGAGCAGCGGG	67	192	exon:ARSA	44	60	65	45	GrafOK
target_105_ENST00000395621.7.fasta_pilon	2777rev	TCTCACCAGGGTCCTTGGACAGG	67	222	exon:ARSA	51	33	58	76	GrafOK
target_105_ENST00000395621.7.fasta_pilon	2912rev	GGTCCTCGCCCCGGGCCACCTGG	67	167	exon:ARSA	40	31	60	81	GrafOK
target_105_ENST00000395621.7.fasta_pilon	3015rev	ACATGCCCAGGCCAGCCGAGGGG	67	243	exon:ARSA	68	52	64	77	GrafOK
target_105_ENST00000395621.7.fasta_pilon	261forw	CAGGAGGCGGCCGTCAGGGTCGG	66	257	exon:ARSA	43	81	64	61	GrafOK
target_105_ENST00000395621.7.fasta_pilon	1037rev	TGCGGGAGCATCAAGGGCTGGGG	66	214	intron:ARSA	35	56	70	66	GrafOK
target_105_ENST00000395621.7.fasta_pilon	1337rev	TCACGGGCAGCCAGGGGGTTGGG	66	171	intron:ARSA	33	69	74	79	GrafOK
target_105_ENST00000395621.7.fasta_pilon	1669rev	GCAACGTGGCCAGCATCTCCTGG	66	186	intron:ARSA	46	20	68	85	GrafOK
target_105_ENST00000395621.7.fasta_pilon	2264forw	CAGATCCTTGGCCCCTGTCCTGG	66	241	intron:ARSA	34	47	66	81	GrafOK
target_105_ENST00000395621.7.fasta_pilon	2434forw	CCCCAGGTATGTGCAGTGCTTGG	66	188	intron:ARSA	31	45	68	88	GrafOK
target_105_ENST00000395621.7.fasta_pilon	2436forw	CCAGGTATGTGCAGTGCTTGGGG	66	280	intron:ARSA	48	50	70	81	tt
target_105_ENST00000395621.7.fasta_pilon	2592forw	CCCAGGGTAACCCCTCCCCGTGG	66	187	exon:ARSA	65	60	70	82	GrafOK
target_105_ENST00000395621.7.fasta_pilon	2641forw	TCCCCGGAGCCCTAGATCCCTGG	66	202	intron:ARSA	44	20	69	74	GrafOK
target_105_ENST00000395621.7.fasta_pilon	2994rev	GGCCCTCAGGCATGGGGATCTGG	66	255	exon:ARSA	12	25	63	74	GrafOK
target_105_ENST00000395621.7.fasta_pilon	245forw	CGGCCCTCTGGAGCTTCAGGAGG	65	202	exon:ARSA	56	65	57	66	GrafOK
target_105_ENST00000395621.7.fasta_pilon	262forw	AGGAGGCGGCCGTCAGGGTCGGG	65	225	exon:ARSA	37	90	67	60	GrafOK
target_105_ENST00000395621.7.fasta_pilon	532rev	GCAGCCCTCCCGCCGCCAGCTGG	65	288	exon:ARSA	43	17	60	80	GrafOK
target_105_ENST00000395621.7.fasta_pilon	752rev	GAGCCGGCCGGTCAGGAGGGCGG	65	234	exon:ARSA	48	85	64	66	GrafOK
target_105_ENST00000395621.7.fasta_pilon	795rev	AGCTGGGCACCAGGACGCCAGGG	65	328	exon:ARSA	60	47	63	75	GrafOK
target_105_ENST00000395621.7.fasta_pilon	1108rev	GAAGCAGGTCAGGTTCTGGCAGG	65	263	exon:ARSA	43	36	60	81	GrafOK
target_105_ENST00000395621.7.fasta_pilon	1177rev	CAGGTTGGCCAACAGTGGGATGG	65	227	exon:ARSA	51	58	62	69	GrafOK
target_105_ENST00000395621.7.fasta_pilon	1201rev	CCAGGGGGGCTGCGCCTCCACGG	65	265	exon:ARSA	45	83	61	72	GrafOK
target_105_ENST00000395621.7.fasta_pilon	1215rev	TCTAGTCCGGGCAGCCAGGGGGG	65	213	exon:ARSA	54	100	59	73	GrafOK
target_105_ENST00000395621.7.fasta_pilon	1354rev	TTAGCACTGGGTAGGGGTCACGG	65	195	intron:ARSA	49	62	67	73	GrafOK
target_105_ENST00000395621.7.fasta_pilon	1408rev	AAGCTCTGCCCACTGAACTGAGG	65	219	exon:ARSA	62	46	56	85	GrafOK
target_105_ENST00000395621.7.fasta_pilon	1522forw	TGACAGCCATAGGGGACCTGGGG	65	198	exon:ARSA	69	66	53	81	GrafOK
target_105_ENST00000395621.7.fasta_pilon	1740forw	AGTGCACAGAGAGCTGGTCTTGG	65	241	intron:ARSA	62	52	51	61	GrafOK
target_105_ENST00000395621.7.fasta_pilon	2158rev	TCCAAGGTGACATTGGGCAGTGG	65	312	exon:ARSA	36	54	68	78	GrafOK
target_105_ENST00000395621.7.fasta_pilon	2477rev	AGAAGAAGAGAGACTGCCGAGGG	65	365	exon:ARSA	73	59	65	79	GrafOK
target_105_ENST00000395621.7.fasta_pilon	2699rev	GGTCTGCAGTGGTATCACTGTGG	65	283	exon:ARSA	67	32	61	79	GrafOK
target_105_ENST00000395621.7.fasta_pilon	2976rev	TCTGGGCAATGGCAGCAAGCTGG	65	245	exon:ARSA	39	25	56	84	GrafOK
target_105_ENST00000395621.7.fasta_pilon	3001rev	GCCGAGGGGCCCTCAGGCATGGG	65	146	exon:ARSA	40	78	65	75	GrafOK
target_105_ENST00000395621.7.fasta_pilon	3012forw	GCCCAGATCCCCATGCCTGAGGG	65	232	exon:ARSA	53	15	69	86	GrafOK
target_105_ENST00000395621.7.fasta_pilon	544forw	AACCTGGACCAGCTGGCGGCGGG	64	168	exon:ARSA	47	54	70	65	GrafOK
target_105_ENST00000395621.7.fasta_pilon	822forw	GTCCTGGTGCCCAGCTCCCGGGG	64	251	exon:ARSA	50	65	60	79	GrafOK
target_105_ENST00000395621.7.fasta_pilon	870rev	CCATTCCTGTGAGGTAGCCTCGG	64	199	exon:ARSA	48	33	67	76	ggc
target_105_ENST00000395621.7.fasta_pilon	1123rev	AGGAGTGGCCGGCGGGAAGCAGG	64	259	exon:ARSA	44	67	65	82	GrafOK
target_105_ENST00000395621.7.fasta_pilon	1353rev	TAGCACTGGGTAGGGGTCACGGG	64	169	intron:ARSA	50	89	67	78	GrafOK
target_105_ENST00000395621.7.fasta_pilon	1407rev	AGCTCTGCCCACTGAACTGAGGG	64	248	exon:ARSA	59	43	54	84	GrafOK
target_105_ENST00000395621.7.fasta_pilon	1564forw	TCATCTTCACTGCAGACAATGGG	64	227	exon:ARSA	48	38	57	73	GrafOK
target_105_ENST00000395621.7.fasta_pilon	1592rev	GCCCTGGCCCGTGACAGGGCCGG	64	291	intron:ARSA	46	51	72	81	GrafOK
target_105_ENST00000395621.7.fasta_pilon	1656forw	CTGCTTGCCAAGAACATAGTGGG	64	166	intron:ARSA	53	57	61	81	GrafOK
target_105_ENST00000395621.7.fasta_pilon	1970rev	ATGACCTGGCCAGAAGGCCAAGG	64	245	exon:ARSA	59	58	61	67	GrafOK
target_105_ENST00000395621.7.fasta_pilon	2364forw	GCGCCACCTCTCAGGTTCCTGGG	64	198	intron:ARSA	43	63	69	82	tt
target_105_ENST00000395621.7.fasta_pilon	2404forw	ACGTCCAGGGCCTCCCACCAGGG	64	154	intron:ARSA	57	82	62	54	GrafOK
target_105_ENST00000395621.7.fasta_pilon	2656rev	CAATTCTGTGCACAGGGCAAGGG	64	213	intron:ARSA	57	52	65	77	GrafOK
target_105_ENST00000395621.7.fasta_pilon	2737rev	CTCATGAGCAGTCAGAGAGCTGG	64	234	exon:ARSA	47	19	70	89	GrafOK
target_105_ENST00000395621.7.fasta_pilon	2782rev	GTAGTTCTCACCAGGGTCCTTGG	64	190	exon:ARSA	45	42	57	81	tt
target_105_ENST00000395621.7.fasta_pilon	2938rev	AGGATGACAGCAGATCTGCAGGG	64	264	exon:ARSA	66	38	72	89	GrafOK
target_105_ENST00000395621.7.fasta_pilon	526rev	CTCCCGCCGCCAGCTGGTCCAGG	63	239	exon:ARSA	38	48	71	70	GrafOK
target_105_ENST00000395621.7.fasta_pilon	823forw	TCCTGGTGCCCAGCTCCCGGGGG	63	314	exon:ARSA	48	55	65	82	GrafOK
target_105_ENST00000395621.7.fasta_pilon	1221forw	CCGTGGAGGCGCAGCCCCCCTGG	63	202	exon:ARSA	38	71	60	58	GrafOK
target_105_ENST00000395621.7.fasta_pilon	1466rev	AGCTGCATCCAGCTCCATCAGGG	63	195	exon:ARSA	63	49	73	78	GrafOK
target_105_ENST00000395621.7.fasta_pilon	1662forw	GCCAAGAACATAGTGGGTGAGGG	63	195	intron:ARSA	59	49	57	78	GrafOK
target_105_ENST00000395621.7.fasta_pilon	1822rev	CCACAGCCTCTGAGCCACCGAGG	63	314	intron:ARSA	62	54	70	80	GrafOK
target_105_ENST00000395621.7.fasta_pilon	2262rev	ACTCACCCCAGGGGAAGGCCAGG	63	236	intron:ARSA	48	39	67	78	ggc
target_105_ENST00000395621.7.fasta_pilon	2287forw	CCTTCCCCTGGGGTGAGTGTGGG	63	313	intron:ARSA	45	66	67	70	GrafOK
target_105_ENST00000395621.7.fasta_pilon	2295rev	GCACTGAGGCACAGACTCTCAGG	63	267	intron:ARSA	45	44	77	91	tt
target_105_ENST00000395621.7.fasta_pilon	2587rev	GTCGGGGGGAGGCATCCACGGGG	63	90		56	75	72	86	GrafOK
target_105_ENST00000395621.7.fasta_pilon	2763rev	TTGGACAGGTCATAGAGCAGCGG	63	260	exon:ARSA	69	61	67	72	GrafOK
target_105_ENST00000395621.7.fasta_pilon	2917forw	GACCTTCGGCCCCAGCCAGGTGG	63	177	exon:ARSA	62	47	56	80	GrafOK
target_105_ENST00000395621.7.fasta_pilon	178forw	ATCTGAAGGTGCCCTGGTCCTGG	62	264	exon:ARSA	38	32	64	54	GrafOK
target_105_ENST00000395621.7.fasta_pilon	408forw	GGCACCGCGGTCCCTCCTCCTGG	62	168	exon:ARSA	39	15	63	59	GrafOK
target_105_ENST00000395621.7.fasta_pilon	854rev	GCCTCGGGCAGCCAGGACTTCGG	62	230	exon:ARSA	49	58	60	71	tt
target_105_ENST00000395621.7.fasta_pilon	933rev	GGAAGCCCTGATGGGGGGGCAGG	62	392	exon:ARSA	35	70	66	65	GrafOK
target_105_ENST00000395621.7.fasta_pilon	948forw	GCCTTCCTGCCCCCCCATCAGGG	62	324	exon:ARSA	43	50	64	74	GrafOK
target_105_ENST00000395621.7.fasta_pilon	1175rev	GGTTGGCCAACAGTGGGATGGGG	62	182	exon:ARSA	58	44	63	72	GrafOK
target_105_ENST00000395621.7.fasta_pilon	1467rev	CAGCTGCATCCAGCTCCATCAGG	62	254	exon:ARSA	47	41	70	79	GrafOK
target_105_ENST00000395621.7.fasta_pilon	2243rev	CAGGACAGGGGCCAAGGATCTGG	62	382	intron:ARSA	26	42	66	73	GrafOK
target_105_ENST00000395621.7.fasta_pilon	2588rev	GGTCGGGGGGAGGCATCCACGGG	62	174		49	85	70	81	GrafOK
target_105_ENST00000395621.7.fasta_pilon	105rev	AGCGGTCCGGGCTCAGGGTCGGG	61	191	exon:ARSA	33	90	68	69	GrafOK
target_105_ENST00000395621.7.fasta_pilon	429rev	GATGTTGGGCGGACGGGCAACGG	61	279	exon:ARSA	58	75	64	77	GrafOK
target_105_ENST00000395621.7.fasta_pilon	667forw	TTCCTCCCAATGGATTGCAGGGG	61	233	intron:ARSA	56	41	63	79	GrafOK
target_105_ENST00000395621.7.fasta_pilon	1106rev	AGCAGGTCAGGTTCTGGCAGGGG	61	304	exon:ARSA	43	49	57	71	GrafOK
target_105_ENST00000395621.7.fasta_pilon	1343rev	TAGGGGTCACGGGCAGCCAGGGG	61	193	intron:ARSA	42	90	71	80	GrafOK
target_105_ENST00000395621.7.fasta_pilon	2235rev	GGGCCAAGGATCTGGGATCAGGG	61	258	intron:ARSA	50	55	65	78	GrafOK
target_105_ENST00000395621.7.fasta_pilon	2242rev	AGGACAGGGGCCAAGGATCTGGG	61	340	intron:ARSA	37	66	67	75	GrafOK
target_105_ENST00000395621.7.fasta_pilon	2833rev	CAGGGCTTGCAGCACCTCTGGGG	61	292	exon:ARSA	55	78	58	85	GrafOK
target_105_ENST00000395621.7.fasta_pilon	2835rev	TTCAGGGCTTGCAGCACCTCTGG	61	192	exon:ARSA	22	57	61	73	GrafOK
target_105_ENST00000395621.7.fasta_pilon	2993rev	GCCCTCAGGCATGGGGATCTGGG	61	278	exon:ARSA	38	53	62	70	GrafOK
target_105_ENST00000395621.7.fasta_pilon	472rev	AGCCCAGGTCCCCATAGCCGAGG	60	178	exon:ARSA	59	35	51	63	GrafOK
target_105_ENST00000395621.7.fasta_pilon	528forw	CAGCTCTACCACTCCCAACCTGG	60	274	exon:ARSA	48	36	77	91	GrafOK
target_105_ENST00000395621.7.fasta_pilon	744rev	CGGTCAGGAGGGCGGCCCTGCGG	60	268	exon:ARSA	53	74	63	80	GrafOK
target_105_ENST00000395621.7.fasta_pilon	811rev	GGCAGGCCCCCCCGGGAGCTGGG	60	236	exon:ARSA	32	54	64	79	GrafOK
target_105_ENST00000395621.7.fasta_pilon	1102forw	TCACGGCAGCTGCCCGCCTCAGG	60	280	exon:ARSA	32	59	62	75	GrafOK
target_105_ENST00000395621.7.fasta_pilon	1379rev	GGTGTGCTGGGGGCAAAGACTGG	60	381	exon:ARSA	40	50	70	79	GrafOK
target_105_ENST00000395621.7.fasta_pilon	1701forw	GGCCACGTTGCAGGGGCCCAAGG	60	217	intron:ARSA	49	63	55	70	GrafOK
target_105_ENST00000395621.7.fasta_pilon	2224forw	TGCTGGGCACAGGCAAGGTAGGG	60	332	exon:ARSA	47	60	61	79	GrafOK
target_105_ENST00000395621.7.fasta_pilon	2350rev	TGCCCACCCAGGAACCTGAGAGG	60	313	intron:ARSA	70	55	65	82	GrafOK
target_105_ENST00000395621.7.fasta_pilon	2415rev	CCCAAGCACTGCACATACCTGGG	60	462	intron:ARSA	43	28	65	85	GrafOK
target_105_ENST00000395621.7.fasta_pilon	2834rev	TCAGGGCTTGCAGCACCTCTGGG	60	220	exon:ARSA	37	58	59	81	tt
target_105_ENST00000395621.7.fasta_pilon	2852rev	TGAGCAGCTGAAGCTGTTTCAGG	60	329	exon:ARSA	16	35	50	62	tt
target_105_ENST00000395621.7.fasta_pilon	2907rev	TCGCCCCGGGCCACCTGGCTGGG	60	182	exon:ARSA	26	68	64	81	GrafOK
target_105_ENST00000395621.7.fasta_pilon	2939rev	CAGGATGACAGCAGATCTGCAGG	60	333	exon:ARSA	46	27	78	79	GrafOK
target_105_ENST00000395621.7.fasta_pilon	3062forw	GCTCCTCACTGGGAGCCTGTGGG	60	245	exon:ARSA	44	26	54	72	GrafOK
target_105_ENST00000395621.7.fasta_pilon	825forw	CTGGTGCCCAGCTCCCGGGGGGG	59	326	exon:ARSA	59	91	62	78	GrafOK
target_105_ENST00000395621.7.fasta_pilon	1345rev	GGTAGGGGTCACGGGCAGCCAGG	59	261	intron:ARSA	38	54	68	79	ggc
target_105_ENST00000395621.7.fasta_pilon	1392rev	ACTGAGGGTAGTGGGTGTGCTGG	59	297	exon:ARSA	36	55	63	64	GrafOK
target_105_ENST00000395621.7.fasta_pilon	1508rev	AAGCAGCCCCAGGTCCCCTATGG	59	197	exon:ARSA	51	86	63	81	GrafOK
target_105_ENST00000395621.7.fasta_pilon	1661forw	TGCCAAGAACATAGTGGGTGAGG	59	234	intron:ARSA	48	42	56	86	GrafOK
target_105_ENST00000395621.7.fasta_pilon	1663forw	CCAAGAACATAGTGGGTGAGGGG	59	240	intron:ARSA	61	69	59	87	GrafOK
target_105_ENST00000395621.7.fasta_pilon	2033forw	AGGCCCTCTCCTTGGAACCCTGG	59	282	intron:ARSA	46	20	72	78	GrafOK
target_105_ENST00000395621.7.fasta_pilon	2037rev	GCCATCAAGGTTGGGGTGGTGGG	59	208	intron:ARSA	37	54	71	77	GrafOK
target_105_ENST00000395621.7.fasta_pilon	2082rev	CGTGGGTCACGCCTGGGGGCAGG	59	190	exon:ARSA	36	50	68	64	GrafOK
target_105_ENST00000395621.7.fasta_pilon	2138forw	CCTGGACCTGCTGCCTACCCTGG	59	365	exon:ARSA	39	63	62	78	GrafOK
target_105_ENST00000395621.7.fasta_pilon	2403forw	CACGTCCAGGGCCTCCCACCAGG	59	221	intron:ARSA	39	46	62	72	GrafOK
target_105_ENST00000395621.7.fasta_pilon	2468rev	GAGACTGCCGAGGGCTCTGGGGG	59	235	exon:ARSA	57	75	63	63	GrafOK
target_105_ENST00000395621.7.fasta_pilon	2851rev	GAGCAGCTGAAGCTGTTTCAGGG	59	280	exon:ARSA	37	55	51	75	tt
target_105_ENST00000395621.7.fasta_pilon	2921rev	GCAGGGCGGGGTCCTCGCCCCGG	59	352	exon:ARSA	36	53	56	79	GrafOK
target_105_ENST00000395621.7.fasta_pilon	2933rev	GACAGCAGATCTGCAGGGCGGGG	59	247	exon:ARSA	52	65	65	87	GrafOK
target_105_ENST00000395621.7.fasta_pilon	2975rev	CTGGGCAATGGCAGCAAGCTGGG	59	430	exon:ARSA	46	67	55	75	GrafOK
target_105_ENST00000395621.7.fasta_pilon	3000rev	CCGAGGGGCCCTCAGGCATGGGG	59	235	exon:ARSA	55	80	63	74	GrafOK
target_105_ENST00000395621.7.fasta_pilon	3017rev	TCACATGCCCAGGCCAGCCGAGG	59	297	exon:ARSA	50	34	66	80	GrafOK
target_105_ENST00000395621.7.fasta_pilon	3027rev	TGAGGAGCCATCACATGCCCAGG	59	267	exon:ARSA	52	39	65	80	GrafOK
target_105_ENST00000395621.7.fasta_pilon	3057rev	GACACCTGAGCCTCCCCCACAGG	59	241	exon:ARSA	50	72	56	61	GrafOK
target_105_ENST00000395621.7.fasta_pilon	39rev	GAAGGCGCTAGAGGGAGCCCAGG	58	239	exon:ARSA	NotEnoughFlankSeq	NotEnoughFlankSeq	NotEnoughFlankSeq	NotEnoughFlankSeq	GrafOK
target_105_ENST00000395621.7.fasta_pilon	222rev	CCTGAAGCTCCAGAGGGCCGGGG	58	311	exon:ARSA	50	49	59	82	GrafOK
target_105_ENST00000395621.7.fasta_pilon	345rev	GGGTCTGTCCCAAGAGAGGGAGG	58	261	exon:ARSA	55	47	67	71	GrafOK
target_105_ENST00000395621.7.fasta_pilon	643rev	TGCAATCCATTGGGAGGAAAGGG	58	301	intron:ARSA	49	55	69	68	GrafOK
target_105_ENST00000395621.7.fasta_pilon	832rev	GCCACGGTCACCTCCTCCAGGGG	58	229	exon:ARSA	62	79	56	72	GrafOK
target_105_ENST00000395621.7.fasta_pilon	1028rev	ATCAAGGGCTGGGGGACTTTGGG	58	258	intron:ARSA	29	51	68	70	tt
target_105_ENST00000395621.7.fasta_pilon	1080rev	TGAGGCGGGCAGCTGCCGTGAGG	58	5400	intron:ARSA	50	66	56	70	GrafOK
target_105_ENST00000395621.7.fasta_pilon	2038rev	CGCCATCAAGGTTGGGGTGGTGG	58	200	intron:ARSA	30	45	70	76	GrafOK
target_105_ENST00000395621.7.fasta_pilon	2378forw	GTTCCTGGGTGGGCAAGAAGCGG	58	270	intron:ARSA	56	67	63	56	GrafOK
target_105_ENST00000395621.7.fasta_pilon	2576forw	AAGGCTCACTTCTTCACCCAGGG	58	274	exon:ARSA	66	71	64	78	GrafOK
target_105_ENST00000395621.7.fasta_pilon	2609rev	GGCTCCGGGGAGGGGTCAGCAGG	58	458	intron:ARSA	42	50	64	74	GrafOK
target_105_ENST00000395621.7.fasta_pilon	2646rev	CACAGGGCAAGGGCGAGAGGAGG	58	565	intron:ARSA	52	62	68	78	GrafOK
target_105_ENST00000395621.7.fasta_pilon	2649rev	GTGCACAGGGCAAGGGCGAGAGG	58	398	intron:ARSA	51	64	73	73	GrafOK
target_105_ENST00000395621.7.fasta_pilon	2875forw	GAAACAGCTTCAGCTGCTCAAGG	58	292	exon:ARSA	57	20	70	84	GrafOK
target_105_ENST00000395621.7.fasta_pilon	36rev	GGCGCTAGAGGGAGCCCAGGAGG	57	250	exon:ARSA	NotEnoughFlankSeq	NotEnoughFlankSeq	NotEnoughFlankSeq	NotEnoughFlankSeq	GrafOK
target_105_ENST00000395621.7.fasta_pilon	812rev	GGGCAGGCCCCCCCGGGAGCTGG	57	343	exon:ARSA	15	42	63	75	GrafOK
target_105_ENST00000395621.7.fasta_pilon	1044rev	GTGGGGCTGCGGGAGCATCAAGG	57	340	intron:ARSA	50	53	63	71	GrafOK
target_105_ENST00000395621.7.fasta_pilon	1338rev	GTCACGGGCAGCCAGGGGGTTGG	57	300	intron:ARSA	34	48	76	64	GrafOK
target_105_ENST00000395621.7.fasta_pilon	1758rev	GGAGGTGCCCAGCACGAGCCCGG	57	476		45	69	61	71	ggc
target_105_ENST00000395621.7.fasta_pilon	1866rev	TGGTCTCAGGTCTGGGACACAGG	57	252	exon:ARSA	49	72	78	81	GrafOK
target_105_ENST00000395621.7.fasta_pilon	2056forw	CCCCACCACCCCAACCTTGATGG	57	374	intron:ARSA	45	31	62	86	GrafOK
target_105_ENST00000395621.7.fasta_pilon	2444rev	AGAGTCAGGGGTCACGGGGCGGG	57	393	intron:ARSA	42	58	64	73	GrafOK
target_105_ENST00000395621.7.fasta_pilon	2914forw	TGTGACCTTCGGCCCCAGCCAGG	57	214	exon:ARSA	45	53	63	72	ggc
target_105_ENST00000395621.7.fasta_pilon	2935rev	ATGACAGCAGATCTGCAGGGCGG	57	255	exon:ARSA	71	67	62	83	GrafOK
target_105_ENST00000395621.7.fasta_pilon	3020forw	CCCCATGCCTGAGGGCCCCTCGG	57	284	exon:ARSA	49	55	66	80	GrafOK
target_105_ENST00000395621.7.fasta_pilon	3029forw	TGAGGGCCCCTCGGCTGGCCTGG	57	278	exon:ARSA	22	40	66	82	ggc
target_105_ENST00000395621.7.fasta_pilon	311forw	AAGGGCGGCGCCTGGGTCTGCGG	56	250	exon:ARSA	53	91	62	63	GrafOK
target_105_ENST00000395621.7.fasta_pilon	818rev	CTCCAGGGGCAGGCCCCCCCGGG	56	643	exon:ARSA	43	82	61	74	GrafOK
target_105_ENST00000395621.7.fasta_pilon	828rev	CGGTCACCTCCTCCAGGGGCAGG	56	243	exon:ARSA	45	50	64	71	GrafOK
target_105_ENST00000395621.7.fasta_pilon	851forw	GCCCCTGGAGGAGGTGACCGTGG	56	429	exon:ARSA	59	43	50	63	GrafOK
target_105_ENST00000395621.7.fasta_pilon	919rev	GGGGGCAGGAAGGCCCCCTCAGG	56	481	exon:ARSA	39	83	66	70	GrafOK
target_105_ENST00000395621.7.fasta_pilon	1074rev	GGGCAGCTGCCGTGAGGGCTGGG	56	359	intron:ARSA	27	89	60	68	GrafOK
target_105_ENST00000395621.7.fasta_pilon	1585forw	GGTATGCCAGCAGGGCAGCTGGG	56	212	exon:ARSA	54	44	70	79	GrafOK
target_105_ENST00000395621.7.fasta_pilon	2252forw	GACCCCTGATCCCAGATCCTTGG	56	355	intron:ARSA	44	19	66	69	tt
target_105_ENST00000395621.7.fasta_pilon	2331forw	TCAGTGCCTCCTGCACTGAGTGG	56	288	intron:ARSA	60	63	65	93	GrafOK
target_105_ENST00000395621.7.fasta_pilon	2589rev	AGGTCGGGGGGAGGCATCCACGG	56	208		42	68	70	77	GrafOK
target_105_ENST00000395621.7.fasta_pilon	2602rev	GGGAGGGGTCAGCAGGTCGGGGG	56	512	intron:ARSA	39	99	66	78	GrafOK
target_105_ENST00000395621.7.fasta_pilon	2630rev	GAGGAGGGGCCAGGGATCTAGGG	56	401	intron:ARSA	41	76	67	76	GrafOK
target_105_ENST00000395621.7.fasta_pilon	3002rev	AGCCGAGGGGCCCTCAGGCATGG	56	234	exon:ARSA	37	55	67	75	GrafOK
target_105_ENST00000395621.7.fasta_pilon	3030forw	GAGGGCCCCTCGGCTGGCCTGGG	56	288	exon:ARSA	32	72	65	84	ggc
target_105_ENST00000395621.7.fasta_pilon	487rev	TGGGGTGCCCATAGCAGCCCAGG	55	312	exon:ARSA	45	62	64	75	GrafOK
target_105_ENST00000395621.7.fasta_pilon	537forw	CACTCCCAACCTGGACCAGCTGG	55	199	exon:ARSA	48	23	61	66	GrafOK
target_105_ENST00000395621.7.fasta_pilon	824forw	CCTGGTGCCCAGCTCCCGGGGGG	55	369	exon:ARSA	53	84	60	76	GrafOK
target_105_ENST00000395621.7.fasta_pilon	1478forw	TGGGGACTCCCTGATGGAGCTGG	55	448	exon:ARSA	41	41	65	68	GrafOK
target_105_ENST00000395621.7.fasta_pilon	1753forw	CTGGTCTTGGTAGGCCTGGGAGG	55	277	intron:ARSA	53	78	61	76	GrafOK
target_105_ENST00000395621.7.fasta_pilon	1808forw	CTTTGTGACTTAGAGGTGTGGGG	55	507	intron:ARSA	66	48	60	94	GrafOK
target_105_ENST00000395621.7.fasta_pilon	2657rev	CCAATTCTGTGCACAGGGCAAGG	55	296	intron:ARSA	43	45	65	83	GrafOK
target_105_ENST00000395621.7.fasta_pilon	2922forw	TCGGCCCCAGCCAGGTGGCCCGG	55	284	exon:ARSA	34	55	59	76	ggc
target_105_ENST00000395621.7.fasta_pilon	293forw	GGGTCCGGGGTCTCAGGGAAGGG	54	305	exon:ARSA	47	83	59	78	GrafOK
target_105_ENST00000395621.7.fasta_pilon	819rev	CCTCCAGGGGCAGGCCCCCCCGG	54	430	exon:ARSA	31	78	60	77	GrafOK
target_105_ENST00000395621.7.fasta_pilon	839forw	CCGGGGGGGCCTGCCCCTGGAGG	54	316	exon:ARSA	41	111	55	64	GrafOK
target_105_ENST00000395621.7.fasta_pilon	947forw	GGCCTTCCTGCCCCCCCATCAGG	54	292	exon:ARSA	20	49	66	69	GrafOK
target_105_ENST00000395621.7.fasta_pilon	1029rev	CATCAAGGGCTGGGGGACTTTGG	54	284	intron:ARSA	31	55	68	71	tt
target_105_ENST00000395621.7.fasta_pilon	1107rev	AAGCAGGTCAGGTTCTGGCAGGG	54	281	exon:ARSA	56	57	61	80	GrafOK
target_105_ENST00000395621.7.fasta_pilon	1491forw	ATGGAGCTGGATGCAGCTGTGGG	54	381	exon:ARSA	48	74	60	68	GrafOK
target_105_ENST00000395621.7.fasta_pilon	1770forw	GGGAGGTGCCGGGCTCGTGCTGG	54	360		22	37	59	71	GrafOK
target_105_ENST00000395621.7.fasta_pilon	2236rev	GGGGCCAAGGATCTGGGATCAGG	54	338	intron:ARSA	37	59	65	77	GrafOK
target_105_ENST00000395621.7.fasta_pilon	2273rev	GCACTGCCCACACTCACCCCAGG	54	368	intron:ARSA	53	38	72	82	GrafOK
target_105_ENST00000395621.7.fasta_pilon	2623rev	GGCCAGGGATCTAGGGCTCCGGG	54	334	intron:ARSA	39	47	65	76	GrafOK
target_105_ENST00000395621.7.fasta_pilon	2725rev	CAGAGAGCTGGAGGCGTGGCAGG	54	498	exon:ARSA	40	72	60	80	GrafOK
target_105_ENST00000395621.7.fasta_pilon	2839forw	TGTGGCCGGGGCCACCCCAGAGG	54	305	exon:ARSA	57	90	63	74	GrafOK
target_105_ENST00000395621.7.fasta_pilon	2970rev	CAATGGCAGCAAGCTGGGCGGGG	54	275	exon:ARSA	33	63	58	85	GrafOK
target_105_ENST00000395621.7.fasta_pilon	188rev	CGGGAGACCGCGGGCTGGGACGG	53	281	exon:ARSA	47	73	79	66	GrafOK
target_105_ENST00000395621.7.fasta_pilon	725forw	GCCACATTTCTGTCTGTCTCAGG	53	291	intron:ARSA	39	14	70	76	tt
target_105_ENST00000395621.7.fasta_pilon	1584forw	GGGTATGCCAGCAGGGCAGCTGG	53	280	exon:ARSA	30	29	68	75	GrafOK
target_105_ENST00000395621.7.fasta_pilon	1986forw	CCTGCCTTGGCCTTCTGGCCAGG	53	483	exon:ARSA	36	42	70	83	ggc
target_105_ENST00000395621.7.fasta_pilon	2120forw	CCACGAGCTGGCCAGCTCCCTGG	53	229	exon:ARSA	45	32	60	76	GrafOK
target_105_ENST00000395621.7.fasta_pilon	2469rev	AGAGACTGCCGAGGGCTCTGGGG	53	301	exon:ARSA	55	36	67	76	GrafOK
target_105_ENST00000395621.7.fasta_pilon	2924forw	GGCCCCAGCCAGGTGGCCCGGGG	53	454	exon:ARSA	56	56	56	75	GrafOK
target_105_ENST00000395621.7.fasta_pilon	2929forw	CAGCCAGGTGGCCCGGGGCGAGG	53	445	exon:ARSA	31	87	58	67	GrafOK
target_105_ENST00000395621.7.fasta_pilon	726forw	CCACATTTCTGTCTGTCTCAGGG	52	393	intron:ARSA	58	6	71	82	GrafOK
target_105_ENST00000395621.7.fasta_pilon	2156rev	CAAGGTGACATTGGGCAGTGGGG	52	229	exon:ARSA	69	64	67	93	GrafOK
target_105_ENST00000395621.7.fasta_pilon	2177forw	CCCACTGCCCAATGTCACCTTGG	52	266	exon:ARSA	56	28	64	78	GrafOK
target_105_ENST00000395621.7.fasta_pilon	2271rev	ACTGCCCACACTCACCCCAGGGG	52	271	intron:ARSA	73	83	72	76	GrafOK
target_105_ENST00000395621.7.fasta_pilon	2309rev	ACTCAGTGCAGGAGGCACTGAGG	52	375	intron:ARSA	71	48	75	87	GrafOK
target_105_ENST00000395621.7.fasta_pilon	2830rev	GGCTTGCAGCACCTCTGGGGTGG	52	221	exon:ARSA	46	53	60	78	GrafOK
target_105_ENST00000395621.7.fasta_pilon	3007rev	AGGCCAGCCGAGGGGCCCTCAGG	52	265	exon:ARSA	41	79	68	80	GrafOK
target_105_ENST00000395621.7.fasta_pilon	181forw	TGAAGGTGCCCTGGTCCTGGAGG	51	395	exon:ARSA	60	58	64	66	GrafOK
target_105_ENST00000395621.7.fasta_pilon	796rev	GAGCTGGGCACCAGGACGCCAGG	51	591	exon:ARSA	39	69	62	76	GrafOK
target_105_ENST00000395621.7.fasta_pilon	833rev	GGCCACGGTCACCTCCTCCAGGG	51	330	exon:ARSA	50	46	58	63	GrafOK
target_105_ENST00000395621.7.fasta_pilon	836forw	CTCCCGGGGGGGCCTGCCCCTGG	51	356	exon:ARSA	24	60	58	71	GrafOK
target_105_ENST00000395621.7.fasta_pilon	1095rev	TTCTGGCAGGGGCCCTGAGGCGG	51	368	exon:ARSA	43	59	54	79	GrafOK
target_105_ENST00000395621.7.fasta_pilon	1169rev	CCAACAGTGGGATGGGGACCAGG	51	274	exon:ARSA	39	39	69	64	GrafOK
target_105_ENST00000395621.7.fasta_pilon	1189forw	CCTGGTCCCCATCCCACTGTTGG	51	321	exon:ARSA	47	43	59	70	GrafOK
target_105_ENST00000395621.7.fasta_pilon	1296rev	GAGGCATAGTACAGGAAGAAGGG	51	307	exon:ARSA	50	57	62	76	GrafOK
target_105_ENST00000395621.7.fasta_pilon	1450forw	TTGCAGAGCGTTCAGGCCGCGGG	51	511	exon:ARSA	45	68	62	74	GrafOK
target_105_ENST00000395621.7.fasta_pilon	1664forw	CAAGAACATAGTGGGTGAGGGGG	51	350	intron:ARSA	66	63	62	75	GrafOK
target_105_ENST00000395621.7.fasta_pilon	1850forw	GCTCAGAGGCTGTGGCTCCATGG	51	394	intron:ARSA	40	33	75	91	GrafOK
target_105_ENST00000395621.7.fasta_pilon	2009rev	GGTTCCAAGGAGAGGGCCTGCGG	51	313	intron:ARSA	63	61	69	82	GrafOK
target_105_ENST00000395621.7.fasta_pilon	2036rev	CCATCAAGGTTGGGGTGGTGGGG	51	326	intron:ARSA	54	61	78	72	GrafOK
target_105_ENST00000395621.7.fasta_pilon	2401rev	ATACCTGGGGCTGCCAGCCCTGG	51	292	intron:ARSA	36	54	62	77	GrafOK
target_105_ENST00000395621.7.fasta_pilon	2603rev	GGGGAGGGGTCAGCAGGTCGGGG	51	545	intron:ARSA	37	82	67	72	GrafOK
target_105_ENST00000395621.7.fasta_pilon	2987rev	AGGCATGGGGATCTGGGCAATGG	51	416	exon:ARSA	50	90	59	72	GrafOK
target_105_ENST00000395621.7.fasta_pilon	3061forw	GGCTCCTCACTGGGAGCCTGTGG	51	344	exon:ARSA	37	54	58	76	GrafOK
target_105_ENST00000395621.7.fasta_pilon	3063forw	CTCCTCACTGGGAGCCTGTGGGG	51	446	exon:ARSA	45	71	56	87	GrafOK
target_105_ENST00000395621.7.fasta_pilon	229rev	GCCGCCTCCTGAAGCTCCAGAGG	50	247	exon:ARSA	53	38	69	67	GrafOK
target_105_ENST00000395621.7.fasta_pilon	625rev	AAGGGATGGAGGGTCGGGGCGGG	50	778	intron:ARSA	38	72	67	69	GrafOK
target_105_ENST00000395621.7.fasta_pilon	804rev	CCCCCCGGGAGCTGGGCACCAGG	50	379	exon:ARSA	35	58	64	71	GrafOK
target_105_ENST00000395621.7.fasta_pilon	1295rev	AGGCATAGTACAGGAAGAAGGGG	50	377	exon:ARSA	55	61	62	54	GrafOK
target_105_ENST00000395621.7.fasta_pilon	1297rev	AGAGGCATAGTACAGGAAGAAGG	50	340	exon:ARSA	52	41	56	75	GrafOK
target_105_ENST00000395621.7.fasta_pilon	1342rev	AGGGGTCACGGGCAGCCAGGGGG	50	318	intron:ARSA	51	97	71	79	GrafOK
target_105_ENST00000395621.7.fasta_pilon	1391rev	CTGAGGGTAGTGGGTGTGCTGGG	50	339	exon:ARSA	37	75	68	79	GrafOK
target_105_ENST00000395621.7.fasta_pilon	1863rev	TCTCAGGTCTGGGACACAGGAGG	50	344	exon:ARSA	66	62	68	84	GrafOK
target_105_ENST00000395621.7.fasta_pilon	2152forw	CTACCCTGGCAGCCCTGGCTGGG	50	325	exon:ARSA	34	48	63	67	GrafOK
target_105_ENST00000395621.7.fasta_pilon	2363forw	GGCGCCACCTCTCAGGTTCCTGG	50	298	intron:ARSA	22	21	68	78	tt
target_105_ENST00000395621.7.fasta_pilon	3045rev	TCCCCCACAGGCTCCCAGTGAGG	50	307	exon:ARSA	61	58	61	81	GrafOK
target_105_ENST00000395621.7.fasta_pilon	292forw	TGGGTCCGGGGTCTCAGGGAAGG	49	361	exon:ARSA	43	66	62	70	GrafOK
target_105_ENST00000395621.7.fasta_pilon	1620forw	GTCACGGGCCAGGGCCCTGGAGG	49	317	intron:ARSA	56	69	60	61	GrafOK
target_105_ENST00000395621.7.fasta_pilon	1981forw	GAGAGCCTGCCTTGGCCTTCTGG	49	358	exon:ARSA	27	28	68	74	tt
target_105_ENST00000395621.7.fasta_pilon	2017rev	GGGGCCAGGGTTCCAAGGAGAGG	49	445	intron:ARSA	36	64	65	70	GrafOK
target_105_ENST00000395621.7.fasta_pilon	2117rev	CAGGGTAGGCAGCAGGTCCAGGG	49	439	exon:ARSA	55	71	60	77	GrafOK
target_105_ENST00000395621.7.fasta_pilon	2286forw	GCCTTCCCCTGGGGTGAGTGTGG	49	364	intron:ARSA	39	40	63	85	GrafOK
target_105_ENST00000395621.7.fasta_pilon	2368forw	CACCTCTCAGGTTCCTGGGTGGG	49	294	intron:ARSA	49	55	61	84	GrafOK
target_105_ENST00000395621.7.fasta_pilon	2397rev	CTGGGGCTGCCAGCCCTGGTGGG	49	482	intron:ARSA	43	85	66	78	GrafOK
target_105_ENST00000395621.7.fasta_pilon	2729rev	CAGTCAGAGAGCTGGAGGCGTGG	49	366	exon:ARSA	50	73	61	79	GrafOK
target_105_ENST00000395621.7.fasta_pilon	2906rev	CGCCCCGGGCCACCTGGCTGGGG	49	337	exon:ARSA	39	47	64	80	GrafOK
target_105_ENST00000395621.7.fasta_pilon	2908rev	CTCGCCCCGGGCCACCTGGCTGG	49	331	exon:ARSA	16	38	64	78	GrafOK
target_105_ENST00000395621.7.fasta_pilon	2934rev	TGACAGCAGATCTGCAGGGCGGG	49	303	exon:ARSA	46	44	64	81	GrafOK
target_105_ENST00000395621.7.fasta_pilon	3011forw	TGCCCAGATCCCCATGCCTGAGG	49	330	exon:ARSA	46	37	67	82	GrafOK
target_105_ENST00000395621.7.fasta_pilon	3083forw	GGGGAGGCTCAGGTGTCTGGAGG	49	487	exon:ARSA	NotEnoughFlankSeq	NotEnoughFlankSeq	NotEnoughFlankSeq	NotEnoughFlankSeq	GrafOK
target_105_ENST00000395621.7.fasta_pilon	356forw	CCAAGTAGCCCTCCCTCTCTTGG	48	275	exon:ARSA	31	30	69	75	tt
target_105_ENST00000395621.7.fasta_pilon	821forw	CGTCCTGGTGCCCAGCTCCCGGG	48	339	exon:ARSA	34	56	61	77	GrafOK
target_105_ENST00000395621.7.fasta_pilon	1036rev	GCGGGAGCATCAAGGGCTGGGGG	48	273	intron:ARSA	41	60	68	72	GrafOK
target_105_ENST00000395621.7.fasta_pilon	1492forw	TGGAGCTGGATGCAGCTGTGGGG	48	451	exon:ARSA	64	72	59	89	GrafOK
target_105_ENST00000395621.7.fasta_pilon	1734forw	AGACACAGTGCACAGAGAGCTGG	48	379	intron:ARSA	56	7	52	82	GrafOK
target_105_ENST00000395621.7.fasta_pilon	2208forw	GACCTCAGCCCCCTGCTGCTGGG	48	464	exon:ARSA	37	33	62	80	GrafOK
target_105_ENST00000395621.7.fasta_pilon	2223forw	CTGCTGGGCACAGGCAAGGTAGG	48	434	exon:ARSA	36	64	62	74	GrafOK
target_105_ENST00000395621.7.fasta_pilon	2227rev	GATCTGGGATCAGGGGTCACCGG	48	333	intron:ARSA	53	61	61	75	GrafOK
target_105_ENST00000395621.7.fasta_pilon	2272rev	CACTGCCCACACTCACCCCAGGG	48	421	intron:ARSA	59	41	76	92	GrafOK
target_105_ENST00000395621.7.fasta_pilon	2347rev	CCACCCAGGAACCTGAGAGGTGG	48	409	intron:ARSA	62	48	60	80	GrafOK
target_105_ENST00000395621.7.fasta_pilon	2439rev	CAGGGGTCACGGGGCGGGACAGG	48	341		38	75	65	71	GrafOK
target_105_ENST00000395621.7.fasta_pilon	2971rev	GCAATGGCAGCAAGCTGGGCGGG	48	376	exon:ARSA	36	36	56	71	GrafOK
target_105_ENST00000395621.7.fasta_pilon	3085forw	GGAGGCTCAGGTGTCTGGAGGGG	48	583	exon:ARSA	NotEnoughFlankSeq	NotEnoughFlankSeq	NotEnoughFlankSeq	NotEnoughFlankSeq	GrafOK
target_105_ENST00000395621.7.fasta_pilon	224rev	CTCCTGAAGCTCCAGAGGGCCGG	47	335	exon:ARSA	40	31	59	77	GrafOK
target_105_ENST00000395621.7.fasta_pilon	575rev	GAGGGTGTGCACAGAGACACAGG	47	323	exon:ARSA	60	90	63	70	GrafOK
target_105_ENST00000395621.7.fasta_pilon	1229forw	GCGCAGCCCCCCTGGCTGCCCGG	47	379	exon:ARSA	35	49	74	82	ggc
target_105_ENST00000395621.7.fasta_pilon	2022rev	GTGGTGGGGCCAGGGTTCCAAGG	47	422	intron:ARSA	45	66	59	76	GrafOK
target_105_ENST00000395621.7.fasta_pilon	2583rev	GGGGGAGGCATCCACGGGGAGGG	47	331		45	86	72	80	GrafOK
target_105_ENST00000395621.7.fasta_pilon	2598rev	GGGGTCAGCAGGTCGGGGGGAGG	47	622	intron:ARSA	38	91	65	66	GrafOK
target_105_ENST00000395621.7.fasta_pilon	2688rev	GTATCACTGTGGGCAGAGCCTGG	47	274	exon:ARSA	44	32	64	82	ggc
target_105_ENST00000395621.7.fasta_pilon	2827forw	CCTGCTGGGGGGTGTGGCCGGGG	47	696	exon:ARSA	32	71	57	77	GrafOK
target_105_ENST00000395621.7.fasta_pilon	2968rev	ATGGCAGCAAGCTGGGCGGGGGG	47	363	exon:ARSA	39	91	55	72	GrafOK
target_105_ENST00000395621.7.fasta_pilon	516rev	CAGCTGGTCCAGGTTGGGAGTGG	46	368	exon:ARSA	53	71	74	81	GrafOK
target_105_ENST00000395621.7.fasta_pilon	639rev	ATCCATTGGGAGGAAAGGGATGG	46	396	intron:ARSA	53	51	74	61	GrafOK
target_105_ENST00000395621.7.fasta_pilon	706rev	CCCTGAGACAGACAGAAATGTGG	46	437	intron:ARSA	62	26	68	83	GrafOK
target_105_ENST00000395621.7.fasta_pilon	998rev	AGGGTGGCTGAGGGCCCGGGTGG	46	577	intron:ARSA	51	110	62	47	GrafOK
target_105_ENST00000395621.7.fasta_pilon	1593forw	AGCAGGGCAGCTGGGTGCTCCGG	46	533	intron:ARSA	39	63	65	70	GrafOK
target_105_ENST00000395621.7.fasta_pilon	2147forw	GCTGCCTACCCTGGCAGCCCTGG	46	413	exon:ARSA	31	36	59	59	GrafOK
target_105_ENST00000395621.7.fasta_pilon	2174rev	GCTGAGGTCAAAGCCATCCAAGG	46	442	exon:ARSA	60	48	64	85	GrafOK
target_105_ENST00000395621.7.fasta_pilon	2267rev	CCCACACTCACCCCAGGGGAAGG	46	445	intron:ARSA	54	44	72	79	GrafOK
target_105_ENST00000395621.7.fasta_pilon	2367forw	CCACCTCTCAGGTTCCTGGGTGG	46	316	intron:ARSA	58	53	61	89	GrafOK
target_105_ENST00000395621.7.fasta_pilon	2601rev	GGAGGGGTCAGCAGGTCGGGGGG	46	748	intron:ARSA	49	84	65	69	GrafOK
target_105_ENST00000395621.7.fasta_pilon	2604rev	CGGGGAGGGGTCAGCAGGTCGGG	46	470	intron:ARSA	30	97	67	70	GrafOK
target_105_ENST00000395621.7.fasta_pilon	2734rev	ATGAGCAGTCAGAGAGCTGGAGG	46	345	exon:ARSA	60	74	65	75	GrafOK
target_105_ENST00000395621.7.fasta_pilon	3064forw	TCCTCACTGGGAGCCTGTGGGGG	46	436	exon:ARSA	46	74	51	77	GrafOK
target_105_ENST00000395621.7.fasta_pilon	411rev	AACGGCCAGGCCAGCAGCCAGGG	45	315	exon:ARSA	55	59	62	75	GrafOK
target_105_ENST00000395621.7.fasta_pilon	629rev	AGGAAAGGGATGGAGGGTCGGGG	45	707	intron:ARSA	50	83	66	73	GrafOK
target_105_ENST00000395621.7.fasta_pilon	743rev	GGTCAGGAGGGCGGCCCTGCGGG	45	404	exon:ARSA	38	55	62	72	GrafOK
target_105_ENST00000395621.7.fasta_pilon	924forw	CACCTTGGGGTGGGGCCTGAGGG	45	502	exon:ARSA	35	55	68	78	GrafOK
target_105_ENST00000395621.7.fasta_pilon	1571rev	GGAGCACCCAGCTGCCCTGCTGG	45	372	intron:ARSA	37	41	51	73	GrafOK
target_105_ENST00000395621.7.fasta_pilon	1617forw	CCTGTCACGGGCCAGGGCCCTGG	45	388	intron:ARSA	32	43	61	62	GrafOK
target_105_ENST00000395621.7.fasta_pilon	1759forw	TTGGTAGGCCTGGGAGGTGCCGG	45	404	intron:ARSA	33	69	62	70	GrafOK
target_105_ENST00000395621.7.fasta_pilon	1781forw	GGCTCGTGCTGGGCACCTCCGGG	45	197		40	47	63	78	GrafOK
target_105_ENST00000395621.7.fasta_pilon	1842forw	CCTCGGTGGCTCAGAGGCTGTGG	45	350	intron:ARSA	43	49	68	75	GrafOK
target_105_ENST00000395621.7.fasta_pilon	2826forw	ACCTGCTGGGGGGTGTGGCCGGG	45	504	exon:ARSA	32	45	58	79	ggc
target_105_ENST00000395621.7.fasta_pilon	3086forw	GAGGCTCAGGTGTCTGGAGGGGG	45	463	exon:ARSA	NotEnoughFlankSeq	NotEnoughFlankSeq	NotEnoughFlankSeq	NotEnoughFlankSeq	GrafOK
target_105_ENST00000395621.7.fasta_pilon	228rev	CCGCCTCCTGAAGCTCCAGAGGG	44	231	exon:ARSA	62	57	67	73	GrafOK
target_105_ENST00000395621.7.fasta_pilon	624rev	AGGGATGGAGGGTCGGGGCGGGG	44	1127	intron:ARSA	37	86	69	72	GrafOK
target_105_ENST00000395621.7.fasta_pilon	626rev	AAAGGGATGGAGGGTCGGGGCGG	44	844	intron:ARSA	39	68	66	67	GrafOK
target_105_ENST00000395621.7.fasta_pilon	834rev	CGGCCACGGTCACCTCCTCCAGG	44	280	exon:ARSA	40	34	62	46	GrafOK
target_105_ENST00000395621.7.fasta_pilon	1390rev	TGAGGGTAGTGGGTGTGCTGGGG	44	643	exon:ARSA	47	48	70	54	GrafOK
target_105_ENST00000395621.7.fasta_pilon	1760forw	TGGTAGGCCTGGGAGGTGCCGGG	44	417	intron:ARSA	42	62	60	78	ggc
target_105_ENST00000395621.7.fasta_pilon	1780forw	GGGCTCGTGCTGGGCACCTCCGG	44	241		36	71	60	81	GrafOK
target_105_ENST00000395621.7.fasta_pilon	2214forw	AGCCCCCTGCTGCTGGGCACAGG	44	479	exon:ARSA	37	56	58	77	GrafOK
target_105_ENST00000395621.7.fasta_pilon	2624rev	GGGCCAGGGATCTAGGGCTCCGG	44	304	intron:ARSA	33	71	66	74	GrafOK
target_105_ENST00000395621.7.fasta_pilon	2625forw	CCGACCTGCTGACCCCTCCCCGG	44	341	intron:ARSA	49	61	66	76	GrafOK
target_105_ENST00000395621.7.fasta_pilon	2825forw	AACCTGCTGGGGGGTGTGGCCGG	44	473	exon:ARSA	28	48	59	78	GrafOK
target_105_ENST00000395621.7.fasta_pilon	223rev	TCCTGAAGCTCCAGAGGGCCGGG	43	429	exon:ARSA	32	43	59	80	ggc
target_105_ENST00000395621.7.fasta_pilon	242forw	CCCCGGCCCTCTGGAGCTTCAGG	43	324	exon:ARSA	27	50	62	59	tt
target_105_ENST00000395621.7.fasta_pilon	657forw	CTCCATCCCTTTCCTCCCAATGG	43	679	intron:ARSA	40	48	67	86	GrafOK
target_105_ENST00000395621.7.fasta_pilon	1025rev	AAGGGCTGGGGGACTTTGGGAGG	43	712	intron:ARSA	42	70	65	70	GrafOK
target_105_ENST00000395621.7.fasta_pilon	1490forw	GATGGAGCTGGATGCAGCTGTGG	43	449	exon:ARSA	42	58	61	70	GrafOK
target_105_ENST00000395621.7.fasta_pilon	1611forw	TCCGGCCCTGTCACGGGCCAGGG	43	120	intron:ARSA	44	58	58	67	GrafOK
target_105_ENST00000395621.7.fasta_pilon	2821forw	CTACAACCTGCTGGGGGGTGTGG	43	366	exon:ARSA	47	70	66	72	GrafOK
target_105_ENST00000395621.7.fasta_pilon	2899rev	GGCCACCTGGCTGGGGCCGAAGG	43	345	exon:ARSA	42	62	65	75	GrafOK
target_105_ENST00000395621.7.fasta_pilon	3040forw	CGGCTGGCCTGGGCATGTGATGG	43	246	exon:ARSA	46	59	71	88	GrafOK
target_105_ENST00000395621.7.fasta_pilon	57rev	GCGGAGTCGGGCCGGGGGGAAGG	42	514	exon:ARSA	35	71	73	64	GrafOK
target_105_ENST00000395621.7.fasta_pilon	505rev	GGTTGGGAGTGGTAGAGCTGGGG	42	526	exon:ARSA	60	64	73	72	GrafOK
target_105_ENST00000395621.7.fasta_pilon	820forw	GCGTCCTGGTGCCCAGCTCCCGG	42	300	exon:ARSA	36	54	63	76	GrafOK
target_105_ENST00000395621.7.fasta_pilon	2118rev	CCAGGGTAGGCAGCAGGTCCAGG	42	510	exon:ARSA	33	57	59	72	GrafOK
target_105_ENST00000395621.7.fasta_pilon	2276forw	CCCTGTCCTGGCCTTCCCCTGGG	42	645	intron:ARSA	31	64	72	80	GrafOK
target_105_ENST00000395621.7.fasta_pilon	2824rev	CAGCACCTCTGGGGTGGCCCCGG	42	506	exon:ARSA	45	55	57	60	GrafOK
target_105_ENST00000395621.7.fasta_pilon	412rev	CAACGGCCAGGCCAGCAGCCAGG	41	360	exon:ARSA	29	29	65	78	ggc
target_105_ENST00000395621.7.fasta_pilon	644rev	CTGCAATCCATTGGGAGGAAAGG	41	189	intron:ARSA	44	60	70	57	GrafOK
target_105_ENST00000395621.7.fasta_pilon	699forw	AACGTCTGTCTCTCTCTCTAGGG	41	346	intron:ARSA	49	37	67	84	GrafOK
target_105_ENST00000395621.7.fasta_pilon	915forw	GGCAAGTGGCACCTTGGGGTGGG	41	188	exon:ARSA	39	40	65	81	GrafOK
target_105_ENST00000395621.7.fasta_pilon	1021rev	GCTGGGGGACTTTGGGAGGTGGG	41	484	intron:ARSA	46	68	65	66	GrafOK
target_105_ENST00000395621.7.fasta_pilon	1070rev	AGCTGCCGTGAGGGCTGGGCTGG	41	481	intron:ARSA	31	48	62	69	GrafOK
target_105_ENST00000395621.7.fasta_pilon	1075rev	CGGGCAGCTGCCGTGAGGGCTGG	41	816	intron:ARSA	16	39	61	66	GrafOK
target_105_ENST00000395621.7.fasta_pilon	2016rev	GGGCCAGGGTTCCAAGGAGAGGG	41	458	intron:ARSA	52	72	62	61	GrafOK
target_105_ENST00000395621.7.fasta_pilon	2131rev	CCAGCCAGGGCTGCCAGGGTAGG	41	559	exon:ARSA	44	65	63	74	GrafOK
target_105_ENST00000395621.7.fasta_pilon	2198rev	CTTGCCTGTGCCCAGCAGCAGGG	41	406	exon:ARSA	42	49	63	86	GrafOK
target_105_ENST00000395621.7.fasta_pilon	2257rev	CCCCAGGGGAAGGCCAGGACAGG	41	535	intron:ARSA	37	70	66	75	GrafOK
target_105_ENST00000395621.7.fasta_pilon	2394rev	GGGCTGCCAGCCCTGGTGGGAGG	41	533	intron:ARSA	49	72	65	77	GrafOK
target_105_ENST00000395621.7.fasta_pilon	2631rev	AGAGGAGGGGCCAGGGATCTAGG	41	655	intron:ARSA	28	57	68	77	GrafOK
target_105_ENST00000395621.7.fasta_pilon	414forw	GCGGTCCCTCCTCCTGGCCCTGG	40	412	exon:ARSA	47	37	62	65	GrafOK
target_105_ENST00000395621.7.fasta_pilon	698forw	AAACGTCTGTCTCTCTCTCTAGG	40	382	intron:ARSA	41	35	67	77	tt
target_105_ENST00000395621.7.fasta_pilon	703forw	TCTGTCTCTCTCTCTAGGGAAGG	40	679	intron:ARSA	62	29	69	79	GrafOK
target_105_ENST00000395621.7.fasta_pilon	842forw	GGGGGGCCTGCCCCTGGAGGAGG	40	611	exon:ARSA	35	87	51	54	GrafOK
target_105_ENST00000395621.7.fasta_pilon	1171forw	CGGTGGCTGTGACCAGGGCCTGG	40	427	exon:ARSA	46	61	73	78	ggc
target_105_ENST00000395621.7.fasta_pilon	1389rev	GAGGGTAGTGGGTGTGCTGGGGG	40	716	exon:ARSA	54	93	68	71	GrafOK
target_105_ENST00000395621.7.fasta_pilon	2234rev	GGCCAAGGATCTGGGATCAGGGG	40	434	intron:ARSA	50	63	65	81	GrafOK
target_105_ENST00000395621.7.fasta_pilon	2277forw	CCTGTCCTGGCCTTCCCCTGGGG	40	543	intron:ARSA	58	83	67	74	GrafOK
target_105_ENST00000395621.7.fasta_pilon	2457rev	GGGCTCTGGGGGCAGAGTCAGGG	40	675	exon:ARSA	40	66	68	72	GrafOK
target_105_ENST00000395621.7.fasta_pilon	3080forw	GTGGGGGAGGCTCAGGTGTCTGG	40	523	exon:ARSA	NotEnoughFlankSeq	NotEnoughFlankSeq	NotEnoughFlankSeq	NotEnoughFlankSeq	GrafOK
target_105_ENST00000395621.7.fasta_pilon	392rev	AGGGCCAGGAGGAGGGACCGCGG	39	752	exon:ARSA	58	72	72	81	GrafOK
target_105_ENST00000395621.7.fasta_pilon	929rev	GCCCTGATGGGGGGGCAGGAAGG	39	529	exon:ARSA	43	46	66	85	GrafOK
target_105_ENST00000395621.7.fasta_pilon	1747rev	GCACGAGCCCGGCACCTCCCAGG	39	208		49	44	57	77	GrafOK
target_105_ENST00000395621.7.fasta_pilon	2091forw	CTGACCAGCCTCCTGCCCCCAGG	39	535	exon:ARSA	51	52	64	72	GrafOK
target_105_ENST00000395621.7.fasta_pilon	2144rev	GGGCAGTGGGGCCCCAGCCAGGG	39	639	exon:ARSA	43	75	59	71	GrafOK
target_105_ENST00000395621.7.fasta_pilon	2197rev	TTGCCTGTGCCCAGCAGCAGGGG	39	533	exon:ARSA	47	61	62	34	GrafOK
target_105_ENST00000395621.7.fasta_pilon	2458rev	AGGGCTCTGGGGGCAGAGTCAGG	39	680	exon:ARSA	28	87	67	75	GrafOK
target_105_ENST00000395621.7.fasta_pilon	2584rev	GGGGGGAGGCATCCACGGGGAGG	39	431		38	85	71	77	GrafOK
target_105_ENST00000395621.7.fasta_pilon	2645rev	ACAGGGCAAGGGCGAGAGGAGGG	39	756	intron:ARSA	49	62	67	75	GrafOK
target_105_ENST00000395621.7.fasta_pilon	1163rev	GTGGGATGGGGACCAGGCCCTGG	38	581	exon:ARSA	39	52	70	71	GrafOK
target_105_ENST00000395621.7.fasta_pilon	1608rev	CTGCAAGGCCTCCAGGGCCCTGG	38	516	intron:ARSA	38	44	58	61	GrafOK
target_105_ENST00000395621.7.fasta_pilon	2079rev	GGGTCACGCCTGGGGGCAGGAGG	38	466	exon:ARSA	49	77	65	80	GrafOK
target_105_ENST00000395621.7.fasta_pilon	2151forw	CCTACCCTGGCAGCCCTGGCTGG	38	435	exon:ARSA	17	36	63	79	GrafOK
target_105_ENST00000395621.7.fasta_pilon	2219forw	CCTGCTGCTGGGCACAGGCAAGG	38	609	exon:ARSA	45	65	63	75	GrafOK
target_105_ENST00000395621.7.fasta_pilon	2228forw	GGGCACAGGCAAGGTAGGGCCGG	38	571	exon:ARSA	50	50	65	77	GrafOK
target_105_ENST00000395621.7.fasta_pilon	2448rev	GGGCAGAGTCAGGGGTCACGGGG	38	618	intron:ARSA	49	60	70	82	GrafOK
target_105_ENST00000395621.7.fasta_pilon	2582rev	GGGGAGGCATCCACGGGGAGGGG	38	374		40	80	71	75	GrafOK
target_105_ENST00000395621.7.fasta_pilon	2638rev	AAGGGCGAGAGGAGGGGCCAGGG	38	729	intron:ARSA	52	71	69	71	GrafOK
target_105_ENST00000395621.7.fasta_pilon	2686rev	ATCACTGTGGGCAGAGCCTGGGG	38	403	exon:ARSA	49	78	58	75	GrafOK
target_105_ENST00000395621.7.fasta_pilon	344rev	GGTCTGTCCCAAGAGAGGGAGGG	37	241	exon:ARSA	66	37	68	75	GrafOK
target_105_ENST00000395621.7.fasta_pilon	2124rev	GGGCTGCCAGGGTAGGCAGCAGG	37	674	exon:ARSA	47	59	61	65	GrafOK
target_105_ENST00000395621.7.fasta_pilon	2199rev	CCTTGCCTGTGCCCAGCAGCAGG	37	503	exon:ARSA	33	37	56	48	GrafOK
target_105_ENST00000395621.7.fasta_pilon	2207forw	TGACCTCAGCCCCCTGCTGCTGG	37	466	exon:ARSA	20	5	55	59	GrafOK
target_105_ENST00000395621.7.fasta_pilon	2720rev	AGCTGGAGGCGTGGCAGGCAGGG	37	560	exon:ARSA	44	67	62	78	GrafOK
target_105_ENST00000395621.7.fasta_pilon	2807rev	CCCCGGCCACACCCCCCAGCAGG	37	589	exon:ARSA	46	45	66	76	GrafOK
target_105_ENST00000395621.7.fasta_pilon	916forw	GCAAGTGGCACCTTGGGGTGGGG	36	254	exon:ARSA	47	81	66	76	GrafOK
target_105_ENST00000395621.7.fasta_pilon	1085forw	ACCTGCCAGCCCAGCCCTCACGG	36	757	intron:ARSA	47	56	55	68	GrafOK
target_105_ENST00000395621.7.fasta_pilon	2456rev	GGCTCTGGGGGCAGAGTCAGGGG	36	754	exon:ARSA	38	77	66	71	GrafOK
target_105_ENST00000395621.7.fasta_pilon	2644rev	CAGGGCAAGGGCGAGAGGAGGGG	36	911	intron:ARSA	52	77	67	69	GrafOK
target_105_ENST00000395621.7.fasta_pilon	2687rev	TATCACTGTGGGCAGAGCCTGGG	36	449	exon:ARSA	47	45	62	76	ggc
target_105_ENST00000395621.7.fasta_pilon	248forw	CCCTCTGGAGCTTCAGGAGGCGG	35	437	exon:ARSA	47	69	57	55	GrafOK
target_105_ENST00000395621.7.fasta_pilon	636rev	CATTGGGAGGAAAGGGATGGAGG	35	1023	intron:ARSA	56	41	68	87	GrafOK
target_105_ENST00000395621.7.fasta_pilon	1098rev	AGGTTCTGGCAGGGGCCCTGAGG	35	623	exon:ARSA	61	75	61	78	GrafOK
target_105_ENST00000395621.7.fasta_pilon	1671forw	ATAGTGGGTGAGGGGGTGCCAGG	35	347	intron:ARSA	37	71	67	79	ggc
target_105_ENST00000395621.7.fasta_pilon	1680forw	GAGGGGGTGCCAGGAGATGCTGG	35	667	intron:ARSA	35	45	54	67	GrafOK
target_105_ENST00000395621.7.fasta_pilon	1966rev	CCTGGCCAGAAGGCCAAGGCAGG	35	524	exon:ARSA	48	50	73	77	GrafOK
target_105_ENST00000395621.7.fasta_pilon	2249rev	GAAGGCCAGGACAGGGGCCAAGG	35	789	intron:ARSA	41	57	66	72	GrafOK
target_105_ENST00000395621.7.fasta_pilon	2275forw	CCCCTGTCCTGGCCTTCCCCTGG	35	877	intron:ARSA	26	25	76	77	GrafOK
target_105_ENST00000395621.7.fasta_pilon	2923forw	CGGCCCCAGCCAGGTGGCCCGGG	35	501	exon:ARSA	32	49	58	73	GrafOK
target_105_ENST00000395621.7.fasta_pilon	630rev	GAGGAAAGGGATGGAGGGTCGGG	34	937	intron:ARSA	40	88	65	74	GrafOK
target_105_ENST00000395621.7.fasta_pilon	2153forw	TACCCTGGCAGCCCTGGCTGGGG	34	461	exon:ARSA	40	52	61	74	GrafOK
target_105_ENST00000395621.7.fasta_pilon	2190rev	TGCCCAGCAGCAGGGGGCTGAGG	34	768	exon:ARSA	42	47	57	67	GrafOK
target_105_ENST00000395621.7.fasta_pilon	2255rev	CCAGGGGAAGGCCAGGACAGGGG	34	771	intron:ARSA	59	71	62	78	GrafOK
target_105_ENST00000395621.7.fasta_pilon	2398rev	CCTGGGGCTGCCAGCCCTGGTGG	34	722	intron:ARSA	45	78	63	69	GrafOK
target_105_ENST00000395621.7.fasta_pilon	2408forw	CCAGGGCCTCCCACCAGGGCTGG	34	718	intron:ARSA	47	43	70	67	GrafOK
target_105_ENST00000395621.7.fasta_pilon	2605rev	CCGGGGAGGGGTCAGCAGGTCGG	34	458	intron:ARSA	41	69	67	75	GrafOK
target_105_ENST00000395621.7.fasta_pilon	3067forw	TCACTGGGAGCCTGTGGGGGAGG	34	579	exon:ARSA	38	72	57	61	GrafOK
target_105_ENST00000395621.7.fasta_pilon	613rev	GTCGGGGCGGGGAAGAGGCGCGG	33	917	intron:ARSA	35	67	71	80	GrafOK
target_105_ENST00000395621.7.fasta_pilon	926forw	CCTTGGGGTGGGGCCTGAGGGGG	33	903	exon:ARSA	33	83	64	72	GrafOK
target_105_ENST00000395621.7.fasta_pilon	2031rev	AAGGTTGGGGTGGTGGGGCCAGG	33	751	intron:ARSA	23	77	72	72	ggc
target_105_ENST00000395621.7.fasta_pilon	2256rev	CCCAGGGGAAGGCCAGGACAGGG	33	770	intron:ARSA	52	61	65	75	GrafOK
target_105_ENST00000395621.7.fasta_pilon	923forw	GCACCTTGGGGTGGGGCCTGAGG	32	681	exon:ARSA	28	73	67	74	GrafOK
target_105_ENST00000395621.7.fasta_pilon	1094rev	TCTGGCAGGGGCCCTGAGGCGGG	32	877	exon:ARSA	38	61	59	74	GrafOK
target_105_ENST00000395621.7.fasta_pilon	1959rev	AGAAGGCCAAGGCAGGCTCTCGG	32	664	exon:ARSA	50	50	71	79	tt
target_105_ENST00000395621.7.fasta_pilon	2683rev	ACTGTGGGCAGAGCCTGGGGAGG	32	748	exon:ARSA	41	77	64	73	GrafOK
target_105_ENST00000395621.7.fasta_pilon	296forw	TCCGGGGTCTCAGGGAAGGGCGG	31	996	exon:ARSA	51	74	57	74	GrafOK
target_105_ENST00000395621.7.fasta_pilon	925forw	ACCTTGGGGTGGGGCCTGAGGGG	31	923	exon:ARSA	38	80	67	83	GrafOK
target_105_ENST00000395621.7.fasta_pilon	1022rev	GGCTGGGGGACTTTGGGAGGTGG	31	873	intron:ARSA	26	61	66	71	GrafOK
target_105_ENST00000395621.7.fasta_pilon	2196rev	TGCCTGTGCCCAGCAGCAGGGGG	31	824	exon:ARSA	49	67	60	63	GrafOK
target_105_ENST00000395621.7.fasta_pilon	2449rev	GGGGCAGAGTCAGGGGTCACGGG	31	704	intron:ARSA	39	71	66	78	GrafOK
target_105_ENST00000395621.7.fasta_pilon	2958rev	GCTGGGCGGGGGGTGCAGCCAGG	31	1015	exon:ARSA	45	78	63	73	ggc
target_105_ENST00000395621.7.fasta_pilon	2075rev	CACGCCTGGGGGCAGGAGGCTGG	30	675	exon:ARSA	34	37	73	67	GrafOK
target_105_ENST00000395621.7.fasta_pilon	2111rev	AGGCAGCAGGTCCAGGGAGCTGG	30	913	exon:ARSA	33	44	56	73	GrafOK
target_105_ENST00000395621.7.fasta_pilon	2145rev	TGGGCAGTGGGGCCCCAGCCAGG	30	609	exon:ARSA	28	69	61	65	ggc
target_105_ENST00000395621.7.fasta_pilon	2450rev	GGGGGCAGAGTCAGGGGTCACGG	30	844	intron:ARSA	41	65	64	73	GrafOK
target_105_ENST00000395621.7.fasta_pilon	507rev	CAGGTTGGGAGTGGTAGAGCTGG	29	645	exon:ARSA	27	55	69	78	GrafOK
target_105_ENST00000395621.7.fasta_pilon	1062rev	TGAGGGCTGGGCTGGCAGGTGGG	29	793	intron:ARSA	39	65	56	74	GrafOK
target_105_ENST00000395621.7.fasta_pilon	2030rev	AGGTTGGGGTGGTGGGGCCAGGG	29	886	intron:ARSA	46	92	72	75	GrafOK
target_105_ENST00000395621.7.fasta_pilon	2418forw	CCACCAGGGCTGGCAGCCCCAGG	29	605	intron:ARSA	39	64	65	69	GrafOK
target_105_ENST00000395621.7.fasta_pilon	1694forw	AGATGCTGGCCACGTTGCAGGGG	28	799	intron:ARSA	58	32	55	65	GrafOK
target_105_ENST00000395621.7.fasta_pilon	554forw	AGCTGGCGGCGGGAGGGCTGCGG	27	639	exon:ARSA	41	70	73	76	GrafOK
target_105_ENST00000395621.7.fasta_pilon	1066rev	GCCGTGAGGGCTGGGCTGGCAGG	27	611	intron:ARSA	32	53	60	80	GrafOK
target_105_ENST00000395621.7.fasta_pilon	2481forw	GACTCTGCCCCCAGAGCCCTCGG	27	610	exon:ARSA	45	62	66	81	GrafOK
target_105_ENST00000395621.7.fasta_pilon	2710rev	GTGGCAGGCAGGGTCTGCAGTGG	27	935	exon:ARSA	60	77	57	68	GrafOK
target_105_ENST00000395621.7.fasta_pilon	277rev	GCCGCCCTTCCCTGAGACCCCGG	26	929	exon:ARSA	49	56	62	79	GrafOK
target_105_ENST00000395621.7.fasta_pilon	2135rev	GGCCCCAGCCAGGGCTGCCAGGG	26	856	exon:ARSA	45	52	62	65	GrafOK
target_105_ENST00000395621.7.fasta_pilon	2639rev	CAAGGGCGAGAGGAGGGGCCAGG	26	792	intron:ARSA	28	65	69	73	ggc
target_105_ENST00000395621.7.fasta_pilon	506rev	AGGTTGGGAGTGGTAGAGCTGGG	25	725	exon:ARSA	47	82	70	82	GrafOK
target_105_ENST00000395621.7.fasta_pilon	2136rev	GGGCCCCAGCCAGGGCTGCCAGG	25	897	exon:ARSA	32	43	65	76	ggc
target_105_ENST00000395621.7.fasta_pilon	2575forw	CAAGGCTCACTTCTTCACCCAGG	25	997	exon:ARSA	64	30	62	74	GrafOK
target_105_ENST00000395621.7.fasta_pilon	2972rev	GGCAATGGCAGCAAGCTGGGCGG	25	1444	exon:ARSA	41	55	59	79	GrafOK
target_105_ENST00000395621.7.fasta_pilon	421forw	CTCCTCCTGGCCCTGGCTGCTGG	24	806	exon:ARSA	28	21	61	76	GrafOK
target_105_ENST00000395621.7.fasta_pilon	906rev	CCCCCTCAGGCCCCACCCCAAGG	24	859	exon:ARSA	47	46	69	84	GrafOK
target_105_ENST00000395621.7.fasta_pilon	1001rev	GGGAGGGTGGCTGAGGGCCCGGG	24	1139	intron:ARSA	40	86	62	75	GrafOK
target_105_ENST00000395621.7.fasta_pilon	1002rev	TGGGAGGGTGGCTGAGGGCCCGG	24	2062	intron:ARSA	30	92	60	76	ggc
target_105_ENST00000395621.7.fasta_pilon	400rev	CAGCAGCCAGGGCCAGGAGGAGG	23	1154	exon:ARSA	39	74	67	61	GrafOK
target_105_ENST00000395621.7.fasta_pilon	30rev	AGAGGGAGCCCAGGAGGAGCCGG	22	1868	exon:ARSA	NotEnoughFlankSeq	NotEnoughFlankSeq	NotEnoughFlankSeq	NotEnoughFlankSeq	GrafOK
target_105_ENST00000395621.7.fasta_pilon	406rev	CCAGGCCAGCAGCCAGGGCCAGG	22	1481	exon:ARSA	36	62	64	57	ggc
target_105_ENST00000395621.7.fasta_pilon	1054rev	GGGCTGGCAGGTGGGGCTGCGGG	22	1260	intron:ARSA	35	70	57	56	GrafOK
target_105_ENST00000395621.7.fasta_pilon	1847rev	CAGGAGGCGCTCATGAGCCATGG	22	1949	intron:ARSA	54	47	75	86	GrafOK
target_105_ENST00000395621.7.fasta_pilon	1007rev	GGAGGTGGGAGGGTGGCTGAGGG	21	2306	intron:ARSA	51	73	64	78	GrafOK
target_105_ENST00000395621.7.fasta_pilon	2388rev	CCAGCCCTGGTGGGAGGCCCTGG	21	1303	intron:ARSA	31	50	62	63	GrafOK
target_105_ENST00000395621.7.fasta_pilon	2721rev	GAGCTGGAGGCGTGGCAGGCAGG	21	649	exon:ARSA	30	50	63	77	GrafOK
target_105_ENST00000395621.7.fasta_pilon	2969rev	AATGGCAGCAAGCTGGGCGGGGG	21	3851	exon:ARSA	33	73	57	72	GrafOK
target_105_ENST00000395621.7.fasta_pilon	1055rev	TGGGCTGGCAGGTGGGGCTGCGG	20	1419	intron:ARSA	32	81	60	63	GrafOK
target_105_ENST00000395621.7.fasta_pilon	1063rev	GTGAGGGCTGGGCTGGCAGGTGG	20	1137	intron:ARSA	26	85	56	70	GrafOK
target_105_ENST00000395621.7.fasta_pilon	2682rev	CTGTGGGCAGAGCCTGGGGAGGG	20	1110	exon:ARSA	43	70	65	72	GrafOK
target_105_ENST00000395621.7.fasta_pilon	2960forw	CTGCAGATCTGCTGTCATCCTGG	20	689	exon:ARSA	46	32	65	62	GrafOK
target_105_ENST00000395621.7.fasta_pilon	403rev	GGCCAGCAGCCAGGGCCAGGAGG	19	1458	exon:ARSA	55	59	61	78	GrafOK
target_105_ENST00000395621.7.fasta_pilon	426forw	CCTGGCCCTGGCTGCTGGCCTGG	19	1507	exon:ARSA	30	51	65	70	ggc
target_105_ENST00000395621.7.fasta_pilon	635rev	ATTGGGAGGAAAGGGATGGAGGG	19	982	intron:ARSA	60	59	66	88	GrafOK
target_105_ENST00000395621.7.fasta_pilon	1017rev	GGGGACTTTGGGAGGTGGGAGGG	19	1992	intron:ARSA	44	66	68	82	GrafOK
target_105_ENST00000395621.7.fasta_pilon	399rev	AGCAGCCAGGGCCAGGAGGAGGG	18	1016	exon:ARSA	41	62	69	70	GrafOK
target_105_ENST00000395621.7.fasta_pilon	1061rev	GAGGGCTGGGCTGGCAGGTGGGG	17	1244	intron:ARSA	35	106	54	68	GrafOK
target_105_ENST00000395621.7.fasta_pilon	2681rev	TGTGGGCAGAGCCTGGGGAGGGG	17	1223	exon:ARSA	36	70	69	67	GrafOK
target_105_ENST00000395621.7.fasta_pilon	1014rev	GACTTTGGGAGGTGGGAGGGTGG	16	1665	intron:ARSA	38	81	67	80	GrafOK
target_105_ENST00000395621.7.fasta_pilon	618rev	GGAGGGTCGGGGCGGGGAAGAGG	15	2362	intron:ARSA	26	68	67	72	GrafOK
target_105_ENST00000395621.7.fasta_pilon	2680rev	GTGGGCAGAGCCTGGGGAGGGGG	15	1607	exon:ARSA	33	79	64	70	GrafOK
target_105_ENST00000395621.7.fasta_pilon	1008rev	GGGAGGTGGGAGGGTGGCTGAGG	14	2794	intron:ARSA	22	64	65	74	GrafOK
target_105_ENST00000395621.7.fasta_pilon	1018rev	GGGGGACTTTGGGAGGTGGGAGG	14	1385	intron:ARSA	38	87	68	79	GrafOK
target_105_ENST00000395621.7.fasta_pilon	3073forw	GGAGCCTGTGGGGGAGGCTCAGG	14	1273	exon:ARSA	30	74	64	56	GrafOK
target_105_ENST00000395621.7.fasta_pilon	631rev	GGAGGAAAGGGATGGAGGGTCGG	8	5839	intron:ARSA	52	57	66	72	GrafOK
target_105_ENST00000395621.7.fasta_pilon	3084forw	GGGAGGCTCAGGTGTCTGGAGGG	0	0		NotEnoughFlankSeq	NotEnoughFlankSeq	NotEnoughFlankSeq	NotEnoughFlankSeq	GrafOK
